INFO:     Started server process [22924]
INFO:     Waiting for application startup.
INFO:     Application startup complete.
INFO:     Uvicorn running on http://0.0.0.0:8000 (Press CTRL+C to quit)
ERROR:    Exception in ASGI application
Traceback (most recent call last):
  File "C:\Users\Huynh Nhu\Downloads\Project\backend\.venv\Lib\site-packages\sqlalchemy\dialects\postgresql\asyncpg.py", line 526, in _prepare_and_execute
    prepared_stmt, attributes = await adapt_connection._prepare(
                                ^^^^^^^^^^^^^^^^^^^^^^^^^^^^^^^^
  File "C:\Users\Huynh Nhu\Downloads\Project\backend\.venv\Lib\site-packages\sqlalchemy\dialects\postgresql\asyncpg.py", line 773, in _prepare
    prepared_stmt = await self._connection.prepare(
                    ^^^^^^^^^^^^^^^^^^^^^^^^^^^^^^^
  File "C:\Users\Huynh Nhu\Downloads\Project\backend\.venv\Lib\site-packages\asyncpg\connection.py", line 638, in prepare
    return await self._prepare(
           ^^^^^^^^^^^^^^^^^^^^
  File "C:\Users\Huynh Nhu\Downloads\Project\backend\.venv\Lib\site-packages\asyncpg\connection.py", line 657, in _prepare
    stmt = await self._get_statement(
           ^^^^^^^^^^^^^^^^^^^^^^^^^^
  File "C:\Users\Huynh Nhu\Downloads\Project\backend\.venv\Lib\site-packages\asyncpg\connection.py", line 443, in _get_statement
    statement = await self._protocol.prepare(
                ^^^^^^^^^^^^^^^^^^^^^^^^^^^^^
  File "asyncpg/protocol/protocol.pyx", line 165, in prepare
asyncpg.exceptions.UndefinedColumnError: column pv.images does not exist
HINT:  Perhaps you meant to reference the column "p.images".

The above exception was the direct cause of the following exception:

Traceback (most recent call last):
  File "C:\Users\Huynh Nhu\Downloads\Project\backend\.venv\Lib\site-packages\sqlalchemy\engine\base.py", line 1969, in _exec_single_context
    self.dialect.do_execute(
  File "C:\Users\Huynh Nhu\Downloads\Project\backend\.venv\Lib\site-packages\sqlalchemy\engine\default.py", line 952, in do_execute
    cursor.execute(statement, parameters)
  File "C:\Users\Huynh Nhu\Downloads\Project\backend\.venv\Lib\site-packages\sqlalchemy\dialects\postgresql\asyncpg.py", line 585, in execute
    self._adapt_connection.await_(
  File "C:\Users\Huynh Nhu\Downloads\Project\backend\.venv\Lib\site-packages\sqlalchemy\util\_concurrency_py3k.py", line 132, in await_only
    return current.parent.switch(awaitable)  # type: ignore[no-any-return,attr-defined] # noqa: E501
           ^^^^^^^^^^^^^^^^^^^^^^^^^^^^^^^^
  File "C:\Users\Huynh Nhu\Downloads\Project\backend\.venv\Lib\site-packages\sqlalchemy\util\_concurrency_py3k.py", line 196, in greenlet_spawn
    value = await result
            ^^^^^^^^^^^^
  File "C:\Users\Huynh Nhu\Downloads\Project\backend\.venv\Lib\site-packages\sqlalchemy\dialects\postgresql\asyncpg.py", line 563, in _prepare_and_execute
    self._handle_exception(error)
  File "C:\Users\Huynh Nhu\Downloads\Project\backend\.venv\Lib\site-packages\sqlalchemy\dialects\postgresql\asyncpg.py", line 513, in _handle_exception
    self._adapt_connection._handle_exception(error)
  File "C:\Users\Huynh Nhu\Downloads\Project\backend\.venv\Lib\site-packages\sqlalchemy\dialects\postgresql\asyncpg.py", line 797, in _handle_exception
    raise translated_error from error
sqlalchemy.dialects.postgresql.asyncpg.AsyncAdapt_asyncpg_dbapi.ProgrammingError: <class 'asyncpg.exceptions.UndefinedColumnError'>: column pv.images does not exist
HINT:  Perhaps you meant to reference the column "p.images".

The above exception was the direct cause of the following exception:

Traceback (most recent call last):
  File "C:\Users\Huynh Nhu\Downloads\Project\backend\.venv\Lib\site-packages\uvicorn\protocols\http\httptools_impl.py", line 421, in run_asgi
    result = await app(  # type: ignore[func-returns-value]
             ^^^^^^^^^^^^^^^^^^^^^^^^^^^^^^^^^^^^^^^^^^^^^^
  File "C:\Users\Huynh Nhu\Downloads\Project\backend\.venv\Lib\site-packages\uvicorn\middleware\proxy_headers.py", line 63, in __call__
    return await self.app(scope, receive, send)
           ^^^^^^^^^^^^^^^^^^^^^^^^^^^^^^^^^^^^
  File "C:\Users\Huynh Nhu\Downloads\Project\backend\.venv\Lib\site-packages\fastapi\applications.py", line 1159, in __call__
    await super().__call__(scope, receive, send)
  File "C:\Users\Huynh Nhu\Downloads\Project\backend\.venv\Lib\site-packages\starlette\applications.py", line 90, in __call__
    await self.middleware_stack(scope, receive, send)
  File "C:\Users\Huynh Nhu\Downloads\Project\backend\.venv\Lib\site-packages\starlette\middleware\errors.py", line 186, in __call__
    raise exc
  File "C:\Users\Huynh Nhu\Downloads\Project\backend\.venv\Lib\site-packages\starlette\middleware\errors.py", line 164, in __call__
    await self.app(scope, receive, _send)
  File "C:\Users\Huynh Nhu\Downloads\Project\backend\.venv\Lib\site-packages\starlette\middleware\base.py", line 191, in __call__
    with recv_stream, send_stream, collapse_excgroups():
  File "C:\Users\Huynh Nhu\AppData\Local\Programs\Python\Python311\Lib\contextlib.py", line 158, in __exit__
    self.gen.throw(typ, value, traceback)
  File "C:\Users\Huynh Nhu\Downloads\Project\backend\.venv\Lib\site-packages\starlette\_utils.py", line 87, in collapse_excgroups
    raise exc
  File "C:\Users\Huynh Nhu\Downloads\Project\backend\.venv\Lib\site-packages\starlette\middleware\base.py", line 193, in __call__
    response = await self.dispatch_func(request, call_next)
               ^^^^^^^^^^^^^^^^^^^^^^^^^^^^^^^^^^^^^^^^^^^^
  File "C:\Users\Huynh Nhu\Downloads\Project\backend\app\main.py", line 106, in admin_audit_middleware
    response = await call_next(request)
               ^^^^^^^^^^^^^^^^^^^^^^^^
  File "C:\Users\Huynh Nhu\Downloads\Project\backend\.venv\Lib\site-packages\starlette\middleware\base.py", line 168, in call_next
    raise app_exc from app_exc.__cause__ or app_exc.__context__
  File "C:\Users\Huynh Nhu\Downloads\Project\backend\.venv\Lib\site-packages\starlette\middleware\base.py", line 144, in coro
    await self.app(scope, receive_or_disconnect, send_no_error)
  File "C:\Users\Huynh Nhu\Downloads\Project\backend\.venv\Lib\site-packages\starlette\middleware\cors.py", line 96, in __call__
    await self.simple_response(scope, receive, send, request_headers=headers)
  File "C:\Users\Huynh Nhu\Downloads\Project\backend\.venv\Lib\site-packages\starlette\middleware\cors.py", line 154, in simple_response
    await self.app(scope, receive, send)
  File "C:\Users\Huynh Nhu\Downloads\Project\backend\.venv\Lib\site-packages\starlette\middleware\exceptions.py", line 63, in __call__
    await wrap_app_handling_exceptions(self.app, conn)(scope, receive, send)
  File "C:\Users\Huynh Nhu\Downloads\Project\backend\.venv\Lib\site-packages\starlette\_exception_handler.py", line 53, in wrapped_app
    raise exc
  File "C:\Users\Huynh Nhu\Downloads\Project\backend\.venv\Lib\site-packages\starlette\_exception_handler.py", line 42, in wrapped_app
    await app(scope, receive, sender)
  File "C:\Users\Huynh Nhu\Downloads\Project\backend\.venv\Lib\site-packages\fastapi\middleware\asyncexitstack.py", line 18, in __call__
    await self.app(scope, receive, send)
  File "C:\Users\Huynh Nhu\Downloads\Project\backend\.venv\Lib\site-packages\starlette\routing.py", line 660, in __call__
    await self.middleware_stack(scope, receive, send)
  File "C:\Users\Huynh Nhu\Downloads\Project\backend\.venv\Lib\site-packages\starlette\routing.py", line 680, in app
    await route.handle(scope, receive, send)
  File "C:\Users\Huynh Nhu\Downloads\Project\backend\.venv\Lib\site-packages\starlette\routing.py", line 276, in handle
    await self.app(scope, receive, send)
  File "C:\Users\Huynh Nhu\Downloads\Project\backend\.venv\Lib\site-packages\fastapi\routing.py", line 134, in app
    await wrap_app_handling_exceptions(app, request)(scope, receive, send)
  File "C:\Users\Huynh Nhu\Downloads\Project\backend\.venv\Lib\site-packages\starlette\_exception_handler.py", line 53, in wrapped_app
    raise exc
  File "C:\Users\Huynh Nhu\Downloads\Project\backend\.venv\Lib\site-packages\starlette\_exception_handler.py", line 42, in wrapped_app
    await app(scope, receive, sender)
  File "C:\Users\Huynh Nhu\Downloads\Project\backend\.venv\Lib\site-packages\fastapi\routing.py", line 120, in app
    response = await f(request)
               ^^^^^^^^^^^^^^^^
  File "C:\Users\Huynh Nhu\Downloads\Project\backend\.venv\Lib\site-packages\fastapi\routing.py", line 674, in app
    raw_response = await run_endpoint_function(
                   ^^^^^^^^^^^^^^^^^^^^^^^^^^^^
  File "C:\Users\Huynh Nhu\Downloads\Project\backend\.venv\Lib\site-packages\fastapi\routing.py", line 328, in run_endpoint_function
    return await dependant.call(**values)
           ^^^^^^^^^^^^^^^^^^^^^^^^^^^^^^
  File "C:\Users\Huynh Nhu\Downloads\Project\backend\app\api\v1\routers\admin_products.py", line 230, in list_admin_products
    result = await session.execute(
             ^^^^^^^^^^^^^^^^^^^^^^
  File "C:\Users\Huynh Nhu\Downloads\Project\backend\.venv\Lib\site-packages\sqlalchemy\ext\asyncio\session.py", line 448, in execute
    result = await greenlet_spawn(
             ^^^^^^^^^^^^^^^^^^^^^
  File "C:\Users\Huynh Nhu\Downloads\Project\backend\.venv\Lib\site-packages\sqlalchemy\util\_concurrency_py3k.py", line 201, in greenlet_spawn
    result = context.throw(*sys.exc_info())
             ^^^^^^^^^^^^^^^^^^^^^^^^^^^^^^
  File "C:\Users\Huynh Nhu\Downloads\Project\backend\.venv\Lib\site-packages\sqlalchemy\orm\session.py", line 2372, in execute
    return self._execute_internal(
           ^^^^^^^^^^^^^^^^^^^^^^^
  File "C:\Users\Huynh Nhu\Downloads\Project\backend\.venv\Lib\site-packages\sqlalchemy\orm\session.py", line 2279, in _execute_internal
    result = conn.execute(
             ^^^^^^^^^^^^^
  File "C:\Users\Huynh Nhu\Downloads\Project\backend\.venv\Lib\site-packages\sqlalchemy\engine\base.py", line 1421, in execute
    return meth(
           ^^^^^
  File "C:\Users\Huynh Nhu\Downloads\Project\backend\.venv\Lib\site-packages\sqlalchemy\sql\elements.py", line 526, in _execute_on_connection
    return connection._execute_clauseelement(
           ^^^^^^^^^^^^^^^^^^^^^^^^^^^^^^^^^^
  File "C:\Users\Huynh Nhu\Downloads\Project\backend\.venv\Lib\site-packages\sqlalchemy\engine\base.py", line 1643, in _execute_clauseelement
    ret = self._execute_context(
          ^^^^^^^^^^^^^^^^^^^^^^
  File "C:\Users\Huynh Nhu\Downloads\Project\backend\.venv\Lib\site-packages\sqlalchemy\engine\base.py", line 1848, in _execute_context
    return self._exec_single_context(
           ^^^^^^^^^^^^^^^^^^^^^^^^^^
  File "C:\Users\Huynh Nhu\Downloads\Project\backend\.venv\Lib\site-packages\sqlalchemy\engine\base.py", line 1988, in _exec_single_context
    self._handle_dbapi_exception(
  File "C:\Users\Huynh Nhu\Downloads\Project\backend\.venv\Lib\site-packages\sqlalchemy\engine\base.py", line 2365, in _handle_dbapi_exception
    raise sqlalchemy_exception.with_traceback(exc_info[2]) from e
  File "C:\Users\Huynh Nhu\Downloads\Project\backend\.venv\Lib\site-packages\sqlalchemy\engine\base.py", line 1969, in _exec_single_context
    self.dialect.do_execute(
  File "C:\Users\Huynh Nhu\Downloads\Project\backend\.venv\Lib\site-packages\sqlalchemy\engine\default.py", line 952, in do_execute
    cursor.execute(statement, parameters)
  File "C:\Users\Huynh Nhu\Downloads\Project\backend\.venv\Lib\site-packages\sqlalchemy\dialects\postgresql\asyncpg.py", line 585, in execute
    self._adapt_connection.await_(
  File "C:\Users\Huynh Nhu\Downloads\Project\backend\.venv\Lib\site-packages\sqlalchemy\util\_concurrency_py3k.py", line 132, in await_only
    return current.parent.switch(awaitable)  # type: ignore[no-any-return,attr-defined] # noqa: E501
           ^^^^^^^^^^^^^^^^^^^^^^^^^^^^^^^^
  File "C:\Users\Huynh Nhu\Downloads\Project\backend\.venv\Lib\site-packages\sqlalchemy\util\_concurrency_py3k.py", line 196, in greenlet_spawn
    value = await result
            ^^^^^^^^^^^^
  File "C:\Users\Huynh Nhu\Downloads\Project\backend\.venv\Lib\site-packages\sqlalchemy\dialects\postgresql\asyncpg.py", line 563, in _prepare_and_execute
    self._handle_exception(error)
  File "C:\Users\Huynh Nhu\Downloads\Project\backend\.venv\Lib\site-packages\sqlalchemy\dialects\postgresql\asyncpg.py", line 513, in _handle_exception
    self._adapt_connection._handle_exception(error)
  File "C:\Users\Huynh Nhu\Downloads\Project\backend\.venv\Lib\site-packages\sqlalchemy\dialects\postgresql\asyncpg.py", line 797, in _handle_exception
    raise translated_error from error
sqlalchemy.exc.ProgrammingError: (sqlalchemy.dialects.postgresql.asyncpg.ProgrammingError) <class 'asyncpg.exceptions.UndefinedColumnError'>: column pv.images does not exist
HINT:  Perhaps you meant to reference the column "p.images".
[SQL: 
            SELECT
                p.id::text,
                p.sku,
                p.name,
                p.slug,
                p.category,
                p.brand,
                p.category_id::text AS "categoryId",
                p.subcategory_id::text AS "subcategoryId",
                p.brand_id::text AS "brandId",
                c.name AS "categoryName",
                sc.name AS "subcategoryName",
                p.description,
                p.specifications,
                p.price,
                p.sale_price AS "discountPrice",
                p.stock_quantity AS stock,
                p.stock_quantity AS "stockQuantity",
                CASE WHEN p.stock_quantity > 0 THEN 'IN_STOCK' ELSE 'OUT_OF_STOCK' END AS "stockState",
                CASE
                    WHEN p.status = 'ACTIVE' AND p.stock_quantity <= 0 THEN 'H\u1ebft hàng'
                    WHEN p.status = 'DRAFT' THEN 'Nháp'
                    WHEN p.status = 'PENDING' THEN 'Ch\u1edd duy\u1ec7t'
                    WHEN p.status = 'ACTIVE' THEN '\u0110ang bán'
                    ELSE p.status
                END AS "statusDisplay",
                p.status,
                p.is_featured AS "isFeatured",
                p.is_flash_sale AS "isFlashSale",
                p.video_url AS "videoUrl",
                p.image_url AS "imageUrl",
                p.images,
                p.seo_metadata AS "seoMetadata",
                p.sales_config AS "salesConfig",
                p.colors,
                p.capacities,
                p.promotions,
                p.badge,
                p.rating,
                p.review_count AS "reviewCount",
                p.favorite_count AS "favoriteCount",
                p.version,
                p.created_at AS "createdAt",
                p.updated_at AS "updatedAt",
                p.options,
                COALESCE(
                    jsonb_agg(
                        DISTINCT jsonb_build_object(
                            'id', pv.id::text,
                            'sku', pv.sku,
                            'colorName', pv.color_name,
                            'colorCode', pv.color_code,
                            'storage', pv.storage,
                            'ram', pv.ram,
                            'configuration', pv.configuration,
                            'specs', pv.specs,
                            'imageUrl', pv.image_url,
                            'images', pv.images,
                            'price', pv.price,
                            'salePrice', pv.sale_price,
                            'compareAtPrice', pv.compare_at_price,
                            'stockQuantity', pv.stock_quantity,
                            'isDefault', pv.is_default,
                            'status', pv.status,
                            'attributes', pv.attributes
                        )
                    ) FILTER (WHERE pv.id IS NOT NULL AND pv.deleted_at IS NULL),
                    '[]'::jsonb
                ) AS variants
            FROM products p
            LEFT JOIN categories c ON c.id = p.category_id
            LEFT JOIN categories sc ON sc.id = p.subcategory_id
            LEFT JOIN product_variants pv ON pv.product_id = p.id AND pv.deleted_at IS NULL
            
            WHERE p.deleted_at IS NULL
              AND (p.status NOT IN ('ARCHIVED', 'MERGED') OR CAST($1 AS TEXT) IN ('ARCHIVED', 'MERGED'))
              AND (
                $2 = ''
                OR p.name ILIKE $3
                OR COALESCE(p.sku, '') ILIKE $3
                OR COALESCE(p.brand, '') ILIKE $3
                OR COALESCE(p.category, '') ILIKE $3
                OR COALESCE(c.name, '') ILIKE $3
                OR COALESCE(sc.name, '') ILIKE $3
              )
              AND (CAST($1 AS TEXT) IS NULL OR p.status = CAST($1 AS TEXT))
              AND (CAST($4 AS UUID) IS NULL OR p.category_id = CAST($4 AS UUID) OR p.subcategory_id = CAST($4 AS UUID))
              AND (CAST($5 AS UUID) IS NULL OR p.brand_id = CAST($5 AS UUID))
            
            GROUP BY p.id, c.name, sc.name
            ORDER BY p.created_at DESC
            LIMIT $6 OFFSET $7
            ]
[parameters: (None, '', '%%', None, None, 20, 0)]
(Background on this error at: https://sqlalche.me/e/20/f405)
ERROR:    Exception in ASGI application
Traceback (most recent call last):
  File "C:\Users\Huynh Nhu\Downloads\Project\backend\.venv\Lib\site-packages\sqlalchemy\dialects\postgresql\asyncpg.py", line 526, in _prepare_and_execute
    prepared_stmt, attributes = await adapt_connection._prepare(
                                ^^^^^^^^^^^^^^^^^^^^^^^^^^^^^^^^
  File "C:\Users\Huynh Nhu\Downloads\Project\backend\.venv\Lib\site-packages\sqlalchemy\dialects\postgresql\asyncpg.py", line 773, in _prepare
    prepared_stmt = await self._connection.prepare(
                    ^^^^^^^^^^^^^^^^^^^^^^^^^^^^^^^
  File "C:\Users\Huynh Nhu\Downloads\Project\backend\.venv\Lib\site-packages\asyncpg\connection.py", line 638, in prepare
    return await self._prepare(
           ^^^^^^^^^^^^^^^^^^^^
  File "C:\Users\Huynh Nhu\Downloads\Project\backend\.venv\Lib\site-packages\asyncpg\connection.py", line 657, in _prepare
    stmt = await self._get_statement(
           ^^^^^^^^^^^^^^^^^^^^^^^^^^
  File "C:\Users\Huynh Nhu\Downloads\Project\backend\.venv\Lib\site-packages\asyncpg\connection.py", line 443, in _get_statement
    statement = await self._protocol.prepare(
                ^^^^^^^^^^^^^^^^^^^^^^^^^^^^^
  File "asyncpg/protocol/protocol.pyx", line 165, in prepare
asyncpg.exceptions.UndefinedColumnError: column pv.images does not exist
HINT:  Perhaps you meant to reference the column "p.images".

The above exception was the direct cause of the following exception:

Traceback (most recent call last):
  File "C:\Users\Huynh Nhu\Downloads\Project\backend\.venv\Lib\site-packages\sqlalchemy\engine\base.py", line 1969, in _exec_single_context
    self.dialect.do_execute(
  File "C:\Users\Huynh Nhu\Downloads\Project\backend\.venv\Lib\site-packages\sqlalchemy\engine\default.py", line 952, in do_execute
    cursor.execute(statement, parameters)
  File "C:\Users\Huynh Nhu\Downloads\Project\backend\.venv\Lib\site-packages\sqlalchemy\dialects\postgresql\asyncpg.py", line 585, in execute
    self._adapt_connection.await_(
  File "C:\Users\Huynh Nhu\Downloads\Project\backend\.venv\Lib\site-packages\sqlalchemy\util\_concurrency_py3k.py", line 132, in await_only
    return current.parent.switch(awaitable)  # type: ignore[no-any-return,attr-defined] # noqa: E501
           ^^^^^^^^^^^^^^^^^^^^^^^^^^^^^^^^
  File "C:\Users\Huynh Nhu\Downloads\Project\backend\.venv\Lib\site-packages\sqlalchemy\util\_concurrency_py3k.py", line 196, in greenlet_spawn
    value = await result
            ^^^^^^^^^^^^
  File "C:\Users\Huynh Nhu\Downloads\Project\backend\.venv\Lib\site-packages\sqlalchemy\dialects\postgresql\asyncpg.py", line 563, in _prepare_and_execute
    self._handle_exception(error)
  File "C:\Users\Huynh Nhu\Downloads\Project\backend\.venv\Lib\site-packages\sqlalchemy\dialects\postgresql\asyncpg.py", line 513, in _handle_exception
    self._adapt_connection._handle_exception(error)
  File "C:\Users\Huynh Nhu\Downloads\Project\backend\.venv\Lib\site-packages\sqlalchemy\dialects\postgresql\asyncpg.py", line 797, in _handle_exception
    raise translated_error from error
sqlalchemy.dialects.postgresql.asyncpg.AsyncAdapt_asyncpg_dbapi.ProgrammingError: <class 'asyncpg.exceptions.UndefinedColumnError'>: column pv.images does not exist
HINT:  Perhaps you meant to reference the column "p.images".

The above exception was the direct cause of the following exception:

Traceback (most recent call last):
  File "C:\Users\Huynh Nhu\Downloads\Project\backend\.venv\Lib\site-packages\uvicorn\protocols\http\httptools_impl.py", line 421, in run_asgi
    result = await app(  # type: ignore[func-returns-value]
             ^^^^^^^^^^^^^^^^^^^^^^^^^^^^^^^^^^^^^^^^^^^^^^
  File "C:\Users\Huynh Nhu\Downloads\Project\backend\.venv\Lib\site-packages\uvicorn\middleware\proxy_headers.py", line 63, in __call__
    return await self.app(scope, receive, send)
           ^^^^^^^^^^^^^^^^^^^^^^^^^^^^^^^^^^^^
  File "C:\Users\Huynh Nhu\Downloads\Project\backend\.venv\Lib\site-packages\fastapi\applications.py", line 1159, in __call__
    await super().__call__(scope, receive, send)
  File "C:\Users\Huynh Nhu\Downloads\Project\backend\.venv\Lib\site-packages\starlette\applications.py", line 90, in __call__
    await self.middleware_stack(scope, receive, send)
  File "C:\Users\Huynh Nhu\Downloads\Project\backend\.venv\Lib\site-packages\starlette\middleware\errors.py", line 186, in __call__
    raise exc
  File "C:\Users\Huynh Nhu\Downloads\Project\backend\.venv\Lib\site-packages\starlette\middleware\errors.py", line 164, in __call__
    await self.app(scope, receive, _send)
  File "C:\Users\Huynh Nhu\Downloads\Project\backend\.venv\Lib\site-packages\starlette\middleware\base.py", line 191, in __call__
    with recv_stream, send_stream, collapse_excgroups():
  File "C:\Users\Huynh Nhu\AppData\Local\Programs\Python\Python311\Lib\contextlib.py", line 158, in __exit__
    self.gen.throw(typ, value, traceback)
  File "C:\Users\Huynh Nhu\Downloads\Project\backend\.venv\Lib\site-packages\starlette\_utils.py", line 87, in collapse_excgroups
    raise exc
  File "C:\Users\Huynh Nhu\Downloads\Project\backend\.venv\Lib\site-packages\starlette\middleware\base.py", line 193, in __call__
    response = await self.dispatch_func(request, call_next)
               ^^^^^^^^^^^^^^^^^^^^^^^^^^^^^^^^^^^^^^^^^^^^
  File "C:\Users\Huynh Nhu\Downloads\Project\backend\app\main.py", line 106, in admin_audit_middleware
    response = await call_next(request)
               ^^^^^^^^^^^^^^^^^^^^^^^^
  File "C:\Users\Huynh Nhu\Downloads\Project\backend\.venv\Lib\site-packages\starlette\middleware\base.py", line 168, in call_next
    raise app_exc from app_exc.__cause__ or app_exc.__context__
  File "C:\Users\Huynh Nhu\Downloads\Project\backend\.venv\Lib\site-packages\starlette\middleware\base.py", line 144, in coro
    await self.app(scope, receive_or_disconnect, send_no_error)
  File "C:\Users\Huynh Nhu\Downloads\Project\backend\.venv\Lib\site-packages\starlette\middleware\cors.py", line 96, in __call__
    await self.simple_response(scope, receive, send, request_headers=headers)
  File "C:\Users\Huynh Nhu\Downloads\Project\backend\.venv\Lib\site-packages\starlette\middleware\cors.py", line 154, in simple_response
    await self.app(scope, receive, send)
  File "C:\Users\Huynh Nhu\Downloads\Project\backend\.venv\Lib\site-packages\starlette\middleware\exceptions.py", line 63, in __call__
    await wrap_app_handling_exceptions(self.app, conn)(scope, receive, send)
  File "C:\Users\Huynh Nhu\Downloads\Project\backend\.venv\Lib\site-packages\starlette\_exception_handler.py", line 53, in wrapped_app
    raise exc
  File "C:\Users\Huynh Nhu\Downloads\Project\backend\.venv\Lib\site-packages\starlette\_exception_handler.py", line 42, in wrapped_app
    await app(scope, receive, sender)
  File "C:\Users\Huynh Nhu\Downloads\Project\backend\.venv\Lib\site-packages\fastapi\middleware\asyncexitstack.py", line 18, in __call__
    await self.app(scope, receive, send)
  File "C:\Users\Huynh Nhu\Downloads\Project\backend\.venv\Lib\site-packages\starlette\routing.py", line 660, in __call__
    await self.middleware_stack(scope, receive, send)
  File "C:\Users\Huynh Nhu\Downloads\Project\backend\.venv\Lib\site-packages\starlette\routing.py", line 680, in app
    await route.handle(scope, receive, send)
  File "C:\Users\Huynh Nhu\Downloads\Project\backend\.venv\Lib\site-packages\starlette\routing.py", line 276, in handle
    await self.app(scope, receive, send)
  File "C:\Users\Huynh Nhu\Downloads\Project\backend\.venv\Lib\site-packages\fastapi\routing.py", line 134, in app
    await wrap_app_handling_exceptions(app, request)(scope, receive, send)
  File "C:\Users\Huynh Nhu\Downloads\Project\backend\.venv\Lib\site-packages\starlette\_exception_handler.py", line 53, in wrapped_app
    raise exc
  File "C:\Users\Huynh Nhu\Downloads\Project\backend\.venv\Lib\site-packages\starlette\_exception_handler.py", line 42, in wrapped_app
    await app(scope, receive, sender)
  File "C:\Users\Huynh Nhu\Downloads\Project\backend\.venv\Lib\site-packages\fastapi\routing.py", line 120, in app
    response = await f(request)
               ^^^^^^^^^^^^^^^^
  File "C:\Users\Huynh Nhu\Downloads\Project\backend\.venv\Lib\site-packages\fastapi\routing.py", line 674, in app
    raw_response = await run_endpoint_function(
                   ^^^^^^^^^^^^^^^^^^^^^^^^^^^^
  File "C:\Users\Huynh Nhu\Downloads\Project\backend\.venv\Lib\site-packages\fastapi\routing.py", line 328, in run_endpoint_function
    return await dependant.call(**values)
           ^^^^^^^^^^^^^^^^^^^^^^^^^^^^^^
  File "C:\Users\Huynh Nhu\Downloads\Project\backend\app\api\v1\routers\admin_products.py", line 230, in list_admin_products
    result = await session.execute(
             ^^^^^^^^^^^^^^^^^^^^^^
  File "C:\Users\Huynh Nhu\Downloads\Project\backend\.venv\Lib\site-packages\sqlalchemy\ext\asyncio\session.py", line 448, in execute
    result = await greenlet_spawn(
             ^^^^^^^^^^^^^^^^^^^^^
  File "C:\Users\Huynh Nhu\Downloads\Project\backend\.venv\Lib\site-packages\sqlalchemy\util\_concurrency_py3k.py", line 201, in greenlet_spawn
    result = context.throw(*sys.exc_info())
             ^^^^^^^^^^^^^^^^^^^^^^^^^^^^^^
  File "C:\Users\Huynh Nhu\Downloads\Project\backend\.venv\Lib\site-packages\sqlalchemy\orm\session.py", line 2372, in execute
    return self._execute_internal(
           ^^^^^^^^^^^^^^^^^^^^^^^
  File "C:\Users\Huynh Nhu\Downloads\Project\backend\.venv\Lib\site-packages\sqlalchemy\orm\session.py", line 2279, in _execute_internal
    result = conn.execute(
             ^^^^^^^^^^^^^
  File "C:\Users\Huynh Nhu\Downloads\Project\backend\.venv\Lib\site-packages\sqlalchemy\engine\base.py", line 1421, in execute
    return meth(
           ^^^^^
  File "C:\Users\Huynh Nhu\Downloads\Project\backend\.venv\Lib\site-packages\sqlalchemy\sql\elements.py", line 526, in _execute_on_connection
    return connection._execute_clauseelement(
           ^^^^^^^^^^^^^^^^^^^^^^^^^^^^^^^^^^
  File "C:\Users\Huynh Nhu\Downloads\Project\backend\.venv\Lib\site-packages\sqlalchemy\engine\base.py", line 1643, in _execute_clauseelement
    ret = self._execute_context(
          ^^^^^^^^^^^^^^^^^^^^^^
  File "C:\Users\Huynh Nhu\Downloads\Project\backend\.venv\Lib\site-packages\sqlalchemy\engine\base.py", line 1848, in _execute_context
    return self._exec_single_context(
           ^^^^^^^^^^^^^^^^^^^^^^^^^^
  File "C:\Users\Huynh Nhu\Downloads\Project\backend\.venv\Lib\site-packages\sqlalchemy\engine\base.py", line 1988, in _exec_single_context
    self._handle_dbapi_exception(
  File "C:\Users\Huynh Nhu\Downloads\Project\backend\.venv\Lib\site-packages\sqlalchemy\engine\base.py", line 2365, in _handle_dbapi_exception
    raise sqlalchemy_exception.with_traceback(exc_info[2]) from e
  File "C:\Users\Huynh Nhu\Downloads\Project\backend\.venv\Lib\site-packages\sqlalchemy\engine\base.py", line 1969, in _exec_single_context
    self.dialect.do_execute(
  File "C:\Users\Huynh Nhu\Downloads\Project\backend\.venv\Lib\site-packages\sqlalchemy\engine\default.py", line 952, in do_execute
    cursor.execute(statement, parameters)
  File "C:\Users\Huynh Nhu\Downloads\Project\backend\.venv\Lib\site-packages\sqlalchemy\dialects\postgresql\asyncpg.py", line 585, in execute
    self._adapt_connection.await_(
  File "C:\Users\Huynh Nhu\Downloads\Project\backend\.venv\Lib\site-packages\sqlalchemy\util\_concurrency_py3k.py", line 132, in await_only
    return current.parent.switch(awaitable)  # type: ignore[no-any-return,attr-defined] # noqa: E501
           ^^^^^^^^^^^^^^^^^^^^^^^^^^^^^^^^
  File "C:\Users\Huynh Nhu\Downloads\Project\backend\.venv\Lib\site-packages\sqlalchemy\util\_concurrency_py3k.py", line 196, in greenlet_spawn
    value = await result
            ^^^^^^^^^^^^
  File "C:\Users\Huynh Nhu\Downloads\Project\backend\.venv\Lib\site-packages\sqlalchemy\dialects\postgresql\asyncpg.py", line 563, in _prepare_and_execute
    self._handle_exception(error)
  File "C:\Users\Huynh Nhu\Downloads\Project\backend\.venv\Lib\site-packages\sqlalchemy\dialects\postgresql\asyncpg.py", line 513, in _handle_exception
    self._adapt_connection._handle_exception(error)
  File "C:\Users\Huynh Nhu\Downloads\Project\backend\.venv\Lib\site-packages\sqlalchemy\dialects\postgresql\asyncpg.py", line 797, in _handle_exception
    raise translated_error from error
sqlalchemy.exc.ProgrammingError: (sqlalchemy.dialects.postgresql.asyncpg.ProgrammingError) <class 'asyncpg.exceptions.UndefinedColumnError'>: column pv.images does not exist
HINT:  Perhaps you meant to reference the column "p.images".
[SQL: 
            SELECT
                p.id::text,
                p.sku,
                p.name,
                p.slug,
                p.category,
                p.brand,
                p.category_id::text AS "categoryId",
                p.subcategory_id::text AS "subcategoryId",
                p.brand_id::text AS "brandId",
                c.name AS "categoryName",
                sc.name AS "subcategoryName",
                p.description,
                p.specifications,
                p.price,
                p.sale_price AS "discountPrice",
                p.stock_quantity AS stock,
                p.stock_quantity AS "stockQuantity",
                CASE WHEN p.stock_quantity > 0 THEN 'IN_STOCK' ELSE 'OUT_OF_STOCK' END AS "stockState",
                CASE
                    WHEN p.status = 'ACTIVE' AND p.stock_quantity <= 0 THEN 'H\u1ebft hàng'
                    WHEN p.status = 'DRAFT' THEN 'Nháp'
                    WHEN p.status = 'PENDING' THEN 'Ch\u1edd duy\u1ec7t'
                    WHEN p.status = 'ACTIVE' THEN '\u0110ang bán'
                    ELSE p.status
                END AS "statusDisplay",
                p.status,
                p.is_featured AS "isFeatured",
                p.is_flash_sale AS "isFlashSale",
                p.video_url AS "videoUrl",
                p.image_url AS "imageUrl",
                p.images,
                p.seo_metadata AS "seoMetadata",
                p.sales_config AS "salesConfig",
                p.colors,
                p.capacities,
                p.promotions,
                p.badge,
                p.rating,
                p.review_count AS "reviewCount",
                p.favorite_count AS "favoriteCount",
                p.version,
                p.created_at AS "createdAt",
                p.updated_at AS "updatedAt",
                p.options,
                COALESCE(
                    jsonb_agg(
                        DISTINCT jsonb_build_object(
                            'id', pv.id::text,
                            'sku', pv.sku,
                            'colorName', pv.color_name,
                            'colorCode', pv.color_code,
                            'storage', pv.storage,
                            'ram', pv.ram,
                            'configuration', pv.configuration,
                            'specs', pv.specs,
                            'imageUrl', pv.image_url,
                            'images', pv.images,
                            'price', pv.price,
                            'salePrice', pv.sale_price,
                            'compareAtPrice', pv.compare_at_price,
                            'stockQuantity', pv.stock_quantity,
                            'isDefault', pv.is_default,
                            'status', pv.status,
                            'attributes', pv.attributes
                        )
                    ) FILTER (WHERE pv.id IS NOT NULL AND pv.deleted_at IS NULL),
                    '[]'::jsonb
                ) AS variants
            FROM products p
            LEFT JOIN categories c ON c.id = p.category_id
            LEFT JOIN categories sc ON sc.id = p.subcategory_id
            LEFT JOIN product_variants pv ON pv.product_id = p.id AND pv.deleted_at IS NULL
            
            WHERE p.deleted_at IS NULL
              AND (p.status NOT IN ('ARCHIVED', 'MERGED') OR CAST($1 AS TEXT) IN ('ARCHIVED', 'MERGED'))
              AND (
                $2 = ''
                OR p.name ILIKE $3
                OR COALESCE(p.sku, '') ILIKE $3
                OR COALESCE(p.brand, '') ILIKE $3
                OR COALESCE(p.category, '') ILIKE $3
                OR COALESCE(c.name, '') ILIKE $3
                OR COALESCE(sc.name, '') ILIKE $3
              )
              AND (CAST($1 AS TEXT) IS NULL OR p.status = CAST($1 AS TEXT))
              AND (CAST($4 AS UUID) IS NULL OR p.category_id = CAST($4 AS UUID) OR p.subcategory_id = CAST($4 AS UUID))
              AND (CAST($5 AS UUID) IS NULL OR p.brand_id = CAST($5 AS UUID))
            
            GROUP BY p.id, c.name, sc.name
            ORDER BY p.created_at DESC
            LIMIT $6 OFFSET $7
            ]
[parameters: (None, '', '%%', None, None, 20, 0)]
(Background on this error at: https://sqlalche.me/e/20/f405)
ERROR:    Exception in ASGI application
Traceback (most recent call last):
  File "C:\Users\Huynh Nhu\Downloads\Project\backend\.venv\Lib\site-packages\sqlalchemy\dialects\postgresql\asyncpg.py", line 526, in _prepare_and_execute
    prepared_stmt, attributes = await adapt_connection._prepare(
                                ^^^^^^^^^^^^^^^^^^^^^^^^^^^^^^^^
  File "C:\Users\Huynh Nhu\Downloads\Project\backend\.venv\Lib\site-packages\sqlalchemy\dialects\postgresql\asyncpg.py", line 773, in _prepare
    prepared_stmt = await self._connection.prepare(
                    ^^^^^^^^^^^^^^^^^^^^^^^^^^^^^^^
  File "C:\Users\Huynh Nhu\Downloads\Project\backend\.venv\Lib\site-packages\asyncpg\connection.py", line 638, in prepare
    return await self._prepare(
           ^^^^^^^^^^^^^^^^^^^^
  File "C:\Users\Huynh Nhu\Downloads\Project\backend\.venv\Lib\site-packages\asyncpg\connection.py", line 657, in _prepare
    stmt = await self._get_statement(
           ^^^^^^^^^^^^^^^^^^^^^^^^^^
  File "C:\Users\Huynh Nhu\Downloads\Project\backend\.venv\Lib\site-packages\asyncpg\connection.py", line 443, in _get_statement
    statement = await self._protocol.prepare(
                ^^^^^^^^^^^^^^^^^^^^^^^^^^^^^
  File "asyncpg/protocol/protocol.pyx", line 165, in prepare
asyncpg.exceptions.UndefinedColumnError: column pv.images does not exist
HINT:  Perhaps you meant to reference the column "p.images".

The above exception was the direct cause of the following exception:

Traceback (most recent call last):
  File "C:\Users\Huynh Nhu\Downloads\Project\backend\.venv\Lib\site-packages\sqlalchemy\engine\base.py", line 1969, in _exec_single_context
    self.dialect.do_execute(
  File "C:\Users\Huynh Nhu\Downloads\Project\backend\.venv\Lib\site-packages\sqlalchemy\engine\default.py", line 952, in do_execute
    cursor.execute(statement, parameters)
  File "C:\Users\Huynh Nhu\Downloads\Project\backend\.venv\Lib\site-packages\sqlalchemy\dialects\postgresql\asyncpg.py", line 585, in execute
    self._adapt_connection.await_(
  File "C:\Users\Huynh Nhu\Downloads\Project\backend\.venv\Lib\site-packages\sqlalchemy\util\_concurrency_py3k.py", line 132, in await_only
    return current.parent.switch(awaitable)  # type: ignore[no-any-return,attr-defined] # noqa: E501
           ^^^^^^^^^^^^^^^^^^^^^^^^^^^^^^^^
  File "C:\Users\Huynh Nhu\Downloads\Project\backend\.venv\Lib\site-packages\sqlalchemy\util\_concurrency_py3k.py", line 196, in greenlet_spawn
    value = await result
            ^^^^^^^^^^^^
  File "C:\Users\Huynh Nhu\Downloads\Project\backend\.venv\Lib\site-packages\sqlalchemy\dialects\postgresql\asyncpg.py", line 563, in _prepare_and_execute
    self._handle_exception(error)
  File "C:\Users\Huynh Nhu\Downloads\Project\backend\.venv\Lib\site-packages\sqlalchemy\dialects\postgresql\asyncpg.py", line 513, in _handle_exception
    self._adapt_connection._handle_exception(error)
  File "C:\Users\Huynh Nhu\Downloads\Project\backend\.venv\Lib\site-packages\sqlalchemy\dialects\postgresql\asyncpg.py", line 797, in _handle_exception
    raise translated_error from error
sqlalchemy.dialects.postgresql.asyncpg.AsyncAdapt_asyncpg_dbapi.ProgrammingError: <class 'asyncpg.exceptions.UndefinedColumnError'>: column pv.images does not exist
HINT:  Perhaps you meant to reference the column "p.images".

The above exception was the direct cause of the following exception:

Traceback (most recent call last):
  File "C:\Users\Huynh Nhu\Downloads\Project\backend\.venv\Lib\site-packages\uvicorn\protocols\http\httptools_impl.py", line 421, in run_asgi
    result = await app(  # type: ignore[func-returns-value]
             ^^^^^^^^^^^^^^^^^^^^^^^^^^^^^^^^^^^^^^^^^^^^^^
  File "C:\Users\Huynh Nhu\Downloads\Project\backend\.venv\Lib\site-packages\uvicorn\middleware\proxy_headers.py", line 63, in __call__
    return await self.app(scope, receive, send)
           ^^^^^^^^^^^^^^^^^^^^^^^^^^^^^^^^^^^^
  File "C:\Users\Huynh Nhu\Downloads\Project\backend\.venv\Lib\site-packages\fastapi\applications.py", line 1159, in __call__
    await super().__call__(scope, receive, send)
  File "C:\Users\Huynh Nhu\Downloads\Project\backend\.venv\Lib\site-packages\starlette\applications.py", line 90, in __call__
    await self.middleware_stack(scope, receive, send)
  File "C:\Users\Huynh Nhu\Downloads\Project\backend\.venv\Lib\site-packages\starlette\middleware\errors.py", line 186, in __call__
    raise exc
  File "C:\Users\Huynh Nhu\Downloads\Project\backend\.venv\Lib\site-packages\starlette\middleware\errors.py", line 164, in __call__
    await self.app(scope, receive, _send)
  File "C:\Users\Huynh Nhu\Downloads\Project\backend\.venv\Lib\site-packages\starlette\middleware\base.py", line 191, in __call__
    with recv_stream, send_stream, collapse_excgroups():
  File "C:\Users\Huynh Nhu\AppData\Local\Programs\Python\Python311\Lib\contextlib.py", line 158, in __exit__
    self.gen.throw(typ, value, traceback)
  File "C:\Users\Huynh Nhu\Downloads\Project\backend\.venv\Lib\site-packages\starlette\_utils.py", line 87, in collapse_excgroups
    raise exc
  File "C:\Users\Huynh Nhu\Downloads\Project\backend\.venv\Lib\site-packages\starlette\middleware\base.py", line 193, in __call__
    response = await self.dispatch_func(request, call_next)
               ^^^^^^^^^^^^^^^^^^^^^^^^^^^^^^^^^^^^^^^^^^^^
  File "C:\Users\Huynh Nhu\Downloads\Project\backend\app\main.py", line 106, in admin_audit_middleware
    response = await call_next(request)
               ^^^^^^^^^^^^^^^^^^^^^^^^
  File "C:\Users\Huynh Nhu\Downloads\Project\backend\.venv\Lib\site-packages\starlette\middleware\base.py", line 168, in call_next
    raise app_exc from app_exc.__cause__ or app_exc.__context__
  File "C:\Users\Huynh Nhu\Downloads\Project\backend\.venv\Lib\site-packages\starlette\middleware\base.py", line 144, in coro
    await self.app(scope, receive_or_disconnect, send_no_error)
  File "C:\Users\Huynh Nhu\Downloads\Project\backend\.venv\Lib\site-packages\starlette\middleware\cors.py", line 96, in __call__
    await self.simple_response(scope, receive, send, request_headers=headers)
  File "C:\Users\Huynh Nhu\Downloads\Project\backend\.venv\Lib\site-packages\starlette\middleware\cors.py", line 154, in simple_response
    await self.app(scope, receive, send)
  File "C:\Users\Huynh Nhu\Downloads\Project\backend\.venv\Lib\site-packages\starlette\middleware\exceptions.py", line 63, in __call__
    await wrap_app_handling_exceptions(self.app, conn)(scope, receive, send)
  File "C:\Users\Huynh Nhu\Downloads\Project\backend\.venv\Lib\site-packages\starlette\_exception_handler.py", line 53, in wrapped_app
    raise exc
  File "C:\Users\Huynh Nhu\Downloads\Project\backend\.venv\Lib\site-packages\starlette\_exception_handler.py", line 42, in wrapped_app
    await app(scope, receive, sender)
  File "C:\Users\Huynh Nhu\Downloads\Project\backend\.venv\Lib\site-packages\fastapi\middleware\asyncexitstack.py", line 18, in __call__
    await self.app(scope, receive, send)
  File "C:\Users\Huynh Nhu\Downloads\Project\backend\.venv\Lib\site-packages\starlette\routing.py", line 660, in __call__
    await self.middleware_stack(scope, receive, send)
  File "C:\Users\Huynh Nhu\Downloads\Project\backend\.venv\Lib\site-packages\starlette\routing.py", line 680, in app
    await route.handle(scope, receive, send)
  File "C:\Users\Huynh Nhu\Downloads\Project\backend\.venv\Lib\site-packages\starlette\routing.py", line 276, in handle
    await self.app(scope, receive, send)
  File "C:\Users\Huynh Nhu\Downloads\Project\backend\.venv\Lib\site-packages\fastapi\routing.py", line 134, in app
    await wrap_app_handling_exceptions(app, request)(scope, receive, send)
  File "C:\Users\Huynh Nhu\Downloads\Project\backend\.venv\Lib\site-packages\starlette\_exception_handler.py", line 53, in wrapped_app
    raise exc
  File "C:\Users\Huynh Nhu\Downloads\Project\backend\.venv\Lib\site-packages\starlette\_exception_handler.py", line 42, in wrapped_app
    await app(scope, receive, sender)
  File "C:\Users\Huynh Nhu\Downloads\Project\backend\.venv\Lib\site-packages\fastapi\routing.py", line 120, in app
    response = await f(request)
               ^^^^^^^^^^^^^^^^
  File "C:\Users\Huynh Nhu\Downloads\Project\backend\.venv\Lib\site-packages\fastapi\routing.py", line 674, in app
    raw_response = await run_endpoint_function(
                   ^^^^^^^^^^^^^^^^^^^^^^^^^^^^
  File "C:\Users\Huynh Nhu\Downloads\Project\backend\.venv\Lib\site-packages\fastapi\routing.py", line 328, in run_endpoint_function
    return await dependant.call(**values)
           ^^^^^^^^^^^^^^^^^^^^^^^^^^^^^^
  File "C:\Users\Huynh Nhu\Downloads\Project\backend\app\api\v1\routers\admin_products.py", line 230, in list_admin_products
    result = await session.execute(
             ^^^^^^^^^^^^^^^^^^^^^^
  File "C:\Users\Huynh Nhu\Downloads\Project\backend\.venv\Lib\site-packages\sqlalchemy\ext\asyncio\session.py", line 448, in execute
    result = await greenlet_spawn(
             ^^^^^^^^^^^^^^^^^^^^^
  File "C:\Users\Huynh Nhu\Downloads\Project\backend\.venv\Lib\site-packages\sqlalchemy\util\_concurrency_py3k.py", line 201, in greenlet_spawn
    result = context.throw(*sys.exc_info())
             ^^^^^^^^^^^^^^^^^^^^^^^^^^^^^^
  File "C:\Users\Huynh Nhu\Downloads\Project\backend\.venv\Lib\site-packages\sqlalchemy\orm\session.py", line 2372, in execute
    return self._execute_internal(
           ^^^^^^^^^^^^^^^^^^^^^^^
  File "C:\Users\Huynh Nhu\Downloads\Project\backend\.venv\Lib\site-packages\sqlalchemy\orm\session.py", line 2279, in _execute_internal
    result = conn.execute(
             ^^^^^^^^^^^^^
  File "C:\Users\Huynh Nhu\Downloads\Project\backend\.venv\Lib\site-packages\sqlalchemy\engine\base.py", line 1421, in execute
    return meth(
           ^^^^^
  File "C:\Users\Huynh Nhu\Downloads\Project\backend\.venv\Lib\site-packages\sqlalchemy\sql\elements.py", line 526, in _execute_on_connection
    return connection._execute_clauseelement(
           ^^^^^^^^^^^^^^^^^^^^^^^^^^^^^^^^^^
  File "C:\Users\Huynh Nhu\Downloads\Project\backend\.venv\Lib\site-packages\sqlalchemy\engine\base.py", line 1643, in _execute_clauseelement
    ret = self._execute_context(
          ^^^^^^^^^^^^^^^^^^^^^^
  File "C:\Users\Huynh Nhu\Downloads\Project\backend\.venv\Lib\site-packages\sqlalchemy\engine\base.py", line 1848, in _execute_context
    return self._exec_single_context(
           ^^^^^^^^^^^^^^^^^^^^^^^^^^
  File "C:\Users\Huynh Nhu\Downloads\Project\backend\.venv\Lib\site-packages\sqlalchemy\engine\base.py", line 1988, in _exec_single_context
    self._handle_dbapi_exception(
  File "C:\Users\Huynh Nhu\Downloads\Project\backend\.venv\Lib\site-packages\sqlalchemy\engine\base.py", line 2365, in _handle_dbapi_exception
    raise sqlalchemy_exception.with_traceback(exc_info[2]) from e
  File "C:\Users\Huynh Nhu\Downloads\Project\backend\.venv\Lib\site-packages\sqlalchemy\engine\base.py", line 1969, in _exec_single_context
    self.dialect.do_execute(
  File "C:\Users\Huynh Nhu\Downloads\Project\backend\.venv\Lib\site-packages\sqlalchemy\engine\default.py", line 952, in do_execute
    cursor.execute(statement, parameters)
  File "C:\Users\Huynh Nhu\Downloads\Project\backend\.venv\Lib\site-packages\sqlalchemy\dialects\postgresql\asyncpg.py", line 585, in execute
    self._adapt_connection.await_(
  File "C:\Users\Huynh Nhu\Downloads\Project\backend\.venv\Lib\site-packages\sqlalchemy\util\_concurrency_py3k.py", line 132, in await_only
    return current.parent.switch(awaitable)  # type: ignore[no-any-return,attr-defined] # noqa: E501
           ^^^^^^^^^^^^^^^^^^^^^^^^^^^^^^^^
  File "C:\Users\Huynh Nhu\Downloads\Project\backend\.venv\Lib\site-packages\sqlalchemy\util\_concurrency_py3k.py", line 196, in greenlet_spawn
    value = await result
            ^^^^^^^^^^^^
  File "C:\Users\Huynh Nhu\Downloads\Project\backend\.venv\Lib\site-packages\sqlalchemy\dialects\postgresql\asyncpg.py", line 563, in _prepare_and_execute
    self._handle_exception(error)
  File "C:\Users\Huynh Nhu\Downloads\Project\backend\.venv\Lib\site-packages\sqlalchemy\dialects\postgresql\asyncpg.py", line 513, in _handle_exception
    self._adapt_connection._handle_exception(error)
  File "C:\Users\Huynh Nhu\Downloads\Project\backend\.venv\Lib\site-packages\sqlalchemy\dialects\postgresql\asyncpg.py", line 797, in _handle_exception
    raise translated_error from error
sqlalchemy.exc.ProgrammingError: (sqlalchemy.dialects.postgresql.asyncpg.ProgrammingError) <class 'asyncpg.exceptions.UndefinedColumnError'>: column pv.images does not exist
HINT:  Perhaps you meant to reference the column "p.images".
[SQL: 
            SELECT
                p.id::text,
                p.sku,
                p.name,
                p.slug,
                p.category,
                p.brand,
                p.category_id::text AS "categoryId",
                p.subcategory_id::text AS "subcategoryId",
                p.brand_id::text AS "brandId",
                c.name AS "categoryName",
                sc.name AS "subcategoryName",
                p.description,
                p.specifications,
                p.price,
                p.sale_price AS "discountPrice",
                p.stock_quantity AS stock,
                p.stock_quantity AS "stockQuantity",
                CASE WHEN p.stock_quantity > 0 THEN 'IN_STOCK' ELSE 'OUT_OF_STOCK' END AS "stockState",
                CASE
                    WHEN p.status = 'ACTIVE' AND p.stock_quantity <= 0 THEN 'H\u1ebft hàng'
                    WHEN p.status = 'DRAFT' THEN 'Nháp'
                    WHEN p.status = 'PENDING' THEN 'Ch\u1edd duy\u1ec7t'
                    WHEN p.status = 'ACTIVE' THEN '\u0110ang bán'
                    ELSE p.status
                END AS "statusDisplay",
                p.status,
                p.is_featured AS "isFeatured",
                p.is_flash_sale AS "isFlashSale",
                p.video_url AS "videoUrl",
                p.image_url AS "imageUrl",
                p.images,
                p.seo_metadata AS "seoMetadata",
                p.sales_config AS "salesConfig",
                p.colors,
                p.capacities,
                p.promotions,
                p.badge,
                p.rating,
                p.review_count AS "reviewCount",
                p.favorite_count AS "favoriteCount",
                p.version,
                p.created_at AS "createdAt",
                p.updated_at AS "updatedAt",
                p.options,
                COALESCE(
                    jsonb_agg(
                        DISTINCT jsonb_build_object(
                            'id', pv.id::text,
                            'sku', pv.sku,
                            'colorName', pv.color_name,
                            'colorCode', pv.color_code,
                            'storage', pv.storage,
                            'ram', pv.ram,
                            'configuration', pv.configuration,
                            'specs', pv.specs,
                            'imageUrl', pv.image_url,
                            'images', pv.images,
                            'price', pv.price,
                            'salePrice', pv.sale_price,
                            'compareAtPrice', pv.compare_at_price,
                            'stockQuantity', pv.stock_quantity,
                            'isDefault', pv.is_default,
                            'status', pv.status,
                            'attributes', pv.attributes
                        )
                    ) FILTER (WHERE pv.id IS NOT NULL AND pv.deleted_at IS NULL),
                    '[]'::jsonb
                ) AS variants
            FROM products p
            LEFT JOIN categories c ON c.id = p.category_id
            LEFT JOIN categories sc ON sc.id = p.subcategory_id
            LEFT JOIN product_variants pv ON pv.product_id = p.id AND pv.deleted_at IS NULL
            
            WHERE p.deleted_at IS NULL
              AND (p.status NOT IN ('ARCHIVED', 'MERGED') OR CAST($1 AS TEXT) IN ('ARCHIVED', 'MERGED'))
              AND (
                $2 = ''
                OR p.name ILIKE $3
                OR COALESCE(p.sku, '') ILIKE $3
                OR COALESCE(p.brand, '') ILIKE $3
                OR COALESCE(p.category, '') ILIKE $3
                OR COALESCE(c.name, '') ILIKE $3
                OR COALESCE(sc.name, '') ILIKE $3
              )
              AND (CAST($1 AS TEXT) IS NULL OR p.status = CAST($1 AS TEXT))
              AND (CAST($4 AS UUID) IS NULL OR p.category_id = CAST($4 AS UUID) OR p.subcategory_id = CAST($4 AS UUID))
              AND (CAST($5 AS UUID) IS NULL OR p.brand_id = CAST($5 AS UUID))
            
            GROUP BY p.id, c.name, sc.name
            ORDER BY p.created_at DESC
            LIMIT $6 OFFSET $7
            ]
[parameters: (None, '', '%%', None, None, 20, 0)]
(Background on this error at: https://sqlalche.me/e/20/f405)
ERROR:    Exception in ASGI application
Traceback (most recent call last):
  File "C:\Users\Huynh Nhu\Downloads\Project\backend\.venv\Lib\site-packages\sqlalchemy\dialects\postgresql\asyncpg.py", line 526, in _prepare_and_execute
    prepared_stmt, attributes = await adapt_connection._prepare(
                                ^^^^^^^^^^^^^^^^^^^^^^^^^^^^^^^^
  File "C:\Users\Huynh Nhu\Downloads\Project\backend\.venv\Lib\site-packages\sqlalchemy\dialects\postgresql\asyncpg.py", line 773, in _prepare
    prepared_stmt = await self._connection.prepare(
                    ^^^^^^^^^^^^^^^^^^^^^^^^^^^^^^^
  File "C:\Users\Huynh Nhu\Downloads\Project\backend\.venv\Lib\site-packages\asyncpg\connection.py", line 638, in prepare
    return await self._prepare(
           ^^^^^^^^^^^^^^^^^^^^
  File "C:\Users\Huynh Nhu\Downloads\Project\backend\.venv\Lib\site-packages\asyncpg\connection.py", line 657, in _prepare
    stmt = await self._get_statement(
           ^^^^^^^^^^^^^^^^^^^^^^^^^^
  File "C:\Users\Huynh Nhu\Downloads\Project\backend\.venv\Lib\site-packages\asyncpg\connection.py", line 443, in _get_statement
    statement = await self._protocol.prepare(
                ^^^^^^^^^^^^^^^^^^^^^^^^^^^^^
  File "asyncpg/protocol/protocol.pyx", line 165, in prepare
asyncpg.exceptions.UndefinedColumnError: column pv.images does not exist
HINT:  Perhaps you meant to reference the column "p.images".

The above exception was the direct cause of the following exception:

Traceback (most recent call last):
  File "C:\Users\Huynh Nhu\Downloads\Project\backend\.venv\Lib\site-packages\sqlalchemy\engine\base.py", line 1969, in _exec_single_context
    self.dialect.do_execute(
  File "C:\Users\Huynh Nhu\Downloads\Project\backend\.venv\Lib\site-packages\sqlalchemy\engine\default.py", line 952, in do_execute
    cursor.execute(statement, parameters)
  File "C:\Users\Huynh Nhu\Downloads\Project\backend\.venv\Lib\site-packages\sqlalchemy\dialects\postgresql\asyncpg.py", line 585, in execute
    self._adapt_connection.await_(
  File "C:\Users\Huynh Nhu\Downloads\Project\backend\.venv\Lib\site-packages\sqlalchemy\util\_concurrency_py3k.py", line 132, in await_only
    return current.parent.switch(awaitable)  # type: ignore[no-any-return,attr-defined] # noqa: E501
           ^^^^^^^^^^^^^^^^^^^^^^^^^^^^^^^^
  File "C:\Users\Huynh Nhu\Downloads\Project\backend\.venv\Lib\site-packages\sqlalchemy\util\_concurrency_py3k.py", line 196, in greenlet_spawn
    value = await result
            ^^^^^^^^^^^^
  File "C:\Users\Huynh Nhu\Downloads\Project\backend\.venv\Lib\site-packages\sqlalchemy\dialects\postgresql\asyncpg.py", line 563, in _prepare_and_execute
    self._handle_exception(error)
  File "C:\Users\Huynh Nhu\Downloads\Project\backend\.venv\Lib\site-packages\sqlalchemy\dialects\postgresql\asyncpg.py", line 513, in _handle_exception
    self._adapt_connection._handle_exception(error)
  File "C:\Users\Huynh Nhu\Downloads\Project\backend\.venv\Lib\site-packages\sqlalchemy\dialects\postgresql\asyncpg.py", line 797, in _handle_exception
    raise translated_error from error
sqlalchemy.dialects.postgresql.asyncpg.AsyncAdapt_asyncpg_dbapi.ProgrammingError: <class 'asyncpg.exceptions.UndefinedColumnError'>: column pv.images does not exist
HINT:  Perhaps you meant to reference the column "p.images".

The above exception was the direct cause of the following exception:

Traceback (most recent call last):
  File "C:\Users\Huynh Nhu\Downloads\Project\backend\.venv\Lib\site-packages\uvicorn\protocols\http\httptools_impl.py", line 421, in run_asgi
    result = await app(  # type: ignore[func-returns-value]
             ^^^^^^^^^^^^^^^^^^^^^^^^^^^^^^^^^^^^^^^^^^^^^^
  File "C:\Users\Huynh Nhu\Downloads\Project\backend\.venv\Lib\site-packages\uvicorn\middleware\proxy_headers.py", line 63, in __call__
    return await self.app(scope, receive, send)
           ^^^^^^^^^^^^^^^^^^^^^^^^^^^^^^^^^^^^
  File "C:\Users\Huynh Nhu\Downloads\Project\backend\.venv\Lib\site-packages\fastapi\applications.py", line 1159, in __call__
    await super().__call__(scope, receive, send)
  File "C:\Users\Huynh Nhu\Downloads\Project\backend\.venv\Lib\site-packages\starlette\applications.py", line 90, in __call__
    await self.middleware_stack(scope, receive, send)
  File "C:\Users\Huynh Nhu\Downloads\Project\backend\.venv\Lib\site-packages\starlette\middleware\errors.py", line 186, in __call__
    raise exc
  File "C:\Users\Huynh Nhu\Downloads\Project\backend\.venv\Lib\site-packages\starlette\middleware\errors.py", line 164, in __call__
    await self.app(scope, receive, _send)
  File "C:\Users\Huynh Nhu\Downloads\Project\backend\.venv\Lib\site-packages\starlette\middleware\base.py", line 191, in __call__
    with recv_stream, send_stream, collapse_excgroups():
  File "C:\Users\Huynh Nhu\AppData\Local\Programs\Python\Python311\Lib\contextlib.py", line 158, in __exit__
    self.gen.throw(typ, value, traceback)
  File "C:\Users\Huynh Nhu\Downloads\Project\backend\.venv\Lib\site-packages\starlette\_utils.py", line 87, in collapse_excgroups
    raise exc
  File "C:\Users\Huynh Nhu\Downloads\Project\backend\.venv\Lib\site-packages\starlette\middleware\base.py", line 193, in __call__
    response = await self.dispatch_func(request, call_next)
               ^^^^^^^^^^^^^^^^^^^^^^^^^^^^^^^^^^^^^^^^^^^^
  File "C:\Users\Huynh Nhu\Downloads\Project\backend\app\main.py", line 106, in admin_audit_middleware
    response = await call_next(request)
               ^^^^^^^^^^^^^^^^^^^^^^^^
  File "C:\Users\Huynh Nhu\Downloads\Project\backend\.venv\Lib\site-packages\starlette\middleware\base.py", line 168, in call_next
    raise app_exc from app_exc.__cause__ or app_exc.__context__
  File "C:\Users\Huynh Nhu\Downloads\Project\backend\.venv\Lib\site-packages\starlette\middleware\base.py", line 144, in coro
    await self.app(scope, receive_or_disconnect, send_no_error)
  File "C:\Users\Huynh Nhu\Downloads\Project\backend\.venv\Lib\site-packages\starlette\middleware\cors.py", line 96, in __call__
    await self.simple_response(scope, receive, send, request_headers=headers)
  File "C:\Users\Huynh Nhu\Downloads\Project\backend\.venv\Lib\site-packages\starlette\middleware\cors.py", line 154, in simple_response
    await self.app(scope, receive, send)
  File "C:\Users\Huynh Nhu\Downloads\Project\backend\.venv\Lib\site-packages\starlette\middleware\exceptions.py", line 63, in __call__
    await wrap_app_handling_exceptions(self.app, conn)(scope, receive, send)
  File "C:\Users\Huynh Nhu\Downloads\Project\backend\.venv\Lib\site-packages\starlette\_exception_handler.py", line 53, in wrapped_app
    raise exc
  File "C:\Users\Huynh Nhu\Downloads\Project\backend\.venv\Lib\site-packages\starlette\_exception_handler.py", line 42, in wrapped_app
    await app(scope, receive, sender)
  File "C:\Users\Huynh Nhu\Downloads\Project\backend\.venv\Lib\site-packages\fastapi\middleware\asyncexitstack.py", line 18, in __call__
    await self.app(scope, receive, send)
  File "C:\Users\Huynh Nhu\Downloads\Project\backend\.venv\Lib\site-packages\starlette\routing.py", line 660, in __call__
    await self.middleware_stack(scope, receive, send)
  File "C:\Users\Huynh Nhu\Downloads\Project\backend\.venv\Lib\site-packages\starlette\routing.py", line 680, in app
    await route.handle(scope, receive, send)
  File "C:\Users\Huynh Nhu\Downloads\Project\backend\.venv\Lib\site-packages\starlette\routing.py", line 276, in handle
    await self.app(scope, receive, send)
  File "C:\Users\Huynh Nhu\Downloads\Project\backend\.venv\Lib\site-packages\fastapi\routing.py", line 134, in app
    await wrap_app_handling_exceptions(app, request)(scope, receive, send)
  File "C:\Users\Huynh Nhu\Downloads\Project\backend\.venv\Lib\site-packages\starlette\_exception_handler.py", line 53, in wrapped_app
    raise exc
  File "C:\Users\Huynh Nhu\Downloads\Project\backend\.venv\Lib\site-packages\starlette\_exception_handler.py", line 42, in wrapped_app
    await app(scope, receive, sender)
  File "C:\Users\Huynh Nhu\Downloads\Project\backend\.venv\Lib\site-packages\fastapi\routing.py", line 120, in app
    response = await f(request)
               ^^^^^^^^^^^^^^^^
  File "C:\Users\Huynh Nhu\Downloads\Project\backend\.venv\Lib\site-packages\fastapi\routing.py", line 674, in app
    raw_response = await run_endpoint_function(
                   ^^^^^^^^^^^^^^^^^^^^^^^^^^^^
  File "C:\Users\Huynh Nhu\Downloads\Project\backend\.venv\Lib\site-packages\fastapi\routing.py", line 328, in run_endpoint_function
    return await dependant.call(**values)
           ^^^^^^^^^^^^^^^^^^^^^^^^^^^^^^
  File "C:\Users\Huynh Nhu\Downloads\Project\backend\app\api\v1\routers\admin_products.py", line 230, in list_admin_products
    result = await session.execute(
             ^^^^^^^^^^^^^^^^^^^^^^
  File "C:\Users\Huynh Nhu\Downloads\Project\backend\.venv\Lib\site-packages\sqlalchemy\ext\asyncio\session.py", line 448, in execute
    result = await greenlet_spawn(
             ^^^^^^^^^^^^^^^^^^^^^
  File "C:\Users\Huynh Nhu\Downloads\Project\backend\.venv\Lib\site-packages\sqlalchemy\util\_concurrency_py3k.py", line 201, in greenlet_spawn
    result = context.throw(*sys.exc_info())
             ^^^^^^^^^^^^^^^^^^^^^^^^^^^^^^
  File "C:\Users\Huynh Nhu\Downloads\Project\backend\.venv\Lib\site-packages\sqlalchemy\orm\session.py", line 2372, in execute
    return self._execute_internal(
           ^^^^^^^^^^^^^^^^^^^^^^^
  File "C:\Users\Huynh Nhu\Downloads\Project\backend\.venv\Lib\site-packages\sqlalchemy\orm\session.py", line 2279, in _execute_internal
    result = conn.execute(
             ^^^^^^^^^^^^^
  File "C:\Users\Huynh Nhu\Downloads\Project\backend\.venv\Lib\site-packages\sqlalchemy\engine\base.py", line 1421, in execute
    return meth(
           ^^^^^
  File "C:\Users\Huynh Nhu\Downloads\Project\backend\.venv\Lib\site-packages\sqlalchemy\sql\elements.py", line 526, in _execute_on_connection
    return connection._execute_clauseelement(
           ^^^^^^^^^^^^^^^^^^^^^^^^^^^^^^^^^^
  File "C:\Users\Huynh Nhu\Downloads\Project\backend\.venv\Lib\site-packages\sqlalchemy\engine\base.py", line 1643, in _execute_clauseelement
    ret = self._execute_context(
          ^^^^^^^^^^^^^^^^^^^^^^
  File "C:\Users\Huynh Nhu\Downloads\Project\backend\.venv\Lib\site-packages\sqlalchemy\engine\base.py", line 1848, in _execute_context
    return self._exec_single_context(
           ^^^^^^^^^^^^^^^^^^^^^^^^^^
  File "C:\Users\Huynh Nhu\Downloads\Project\backend\.venv\Lib\site-packages\sqlalchemy\engine\base.py", line 1988, in _exec_single_context
    self._handle_dbapi_exception(
  File "C:\Users\Huynh Nhu\Downloads\Project\backend\.venv\Lib\site-packages\sqlalchemy\engine\base.py", line 2365, in _handle_dbapi_exception
    raise sqlalchemy_exception.with_traceback(exc_info[2]) from e
  File "C:\Users\Huynh Nhu\Downloads\Project\backend\.venv\Lib\site-packages\sqlalchemy\engine\base.py", line 1969, in _exec_single_context
    self.dialect.do_execute(
  File "C:\Users\Huynh Nhu\Downloads\Project\backend\.venv\Lib\site-packages\sqlalchemy\engine\default.py", line 952, in do_execute
    cursor.execute(statement, parameters)
  File "C:\Users\Huynh Nhu\Downloads\Project\backend\.venv\Lib\site-packages\sqlalchemy\dialects\postgresql\asyncpg.py", line 585, in execute
    self._adapt_connection.await_(
  File "C:\Users\Huynh Nhu\Downloads\Project\backend\.venv\Lib\site-packages\sqlalchemy\util\_concurrency_py3k.py", line 132, in await_only
    return current.parent.switch(awaitable)  # type: ignore[no-any-return,attr-defined] # noqa: E501
           ^^^^^^^^^^^^^^^^^^^^^^^^^^^^^^^^
  File "C:\Users\Huynh Nhu\Downloads\Project\backend\.venv\Lib\site-packages\sqlalchemy\util\_concurrency_py3k.py", line 196, in greenlet_spawn
    value = await result
            ^^^^^^^^^^^^
  File "C:\Users\Huynh Nhu\Downloads\Project\backend\.venv\Lib\site-packages\sqlalchemy\dialects\postgresql\asyncpg.py", line 563, in _prepare_and_execute
    self._handle_exception(error)
  File "C:\Users\Huynh Nhu\Downloads\Project\backend\.venv\Lib\site-packages\sqlalchemy\dialects\postgresql\asyncpg.py", line 513, in _handle_exception
    self._adapt_connection._handle_exception(error)
  File "C:\Users\Huynh Nhu\Downloads\Project\backend\.venv\Lib\site-packages\sqlalchemy\dialects\postgresql\asyncpg.py", line 797, in _handle_exception
    raise translated_error from error
sqlalchemy.exc.ProgrammingError: (sqlalchemy.dialects.postgresql.asyncpg.ProgrammingError) <class 'asyncpg.exceptions.UndefinedColumnError'>: column pv.images does not exist
HINT:  Perhaps you meant to reference the column "p.images".
[SQL: 
            SELECT
                p.id::text,
                p.sku,
                p.name,
                p.slug,
                p.category,
                p.brand,
                p.category_id::text AS "categoryId",
                p.subcategory_id::text AS "subcategoryId",
                p.brand_id::text AS "brandId",
                c.name AS "categoryName",
                sc.name AS "subcategoryName",
                p.description,
                p.specifications,
                p.price,
                p.sale_price AS "discountPrice",
                p.stock_quantity AS stock,
                p.stock_quantity AS "stockQuantity",
                CASE WHEN p.stock_quantity > 0 THEN 'IN_STOCK' ELSE 'OUT_OF_STOCK' END AS "stockState",
                CASE
                    WHEN p.status = 'ACTIVE' AND p.stock_quantity <= 0 THEN 'H\u1ebft hàng'
                    WHEN p.status = 'DRAFT' THEN 'Nháp'
                    WHEN p.status = 'PENDING' THEN 'Ch\u1edd duy\u1ec7t'
                    WHEN p.status = 'ACTIVE' THEN '\u0110ang bán'
                    ELSE p.status
                END AS "statusDisplay",
                p.status,
                p.is_featured AS "isFeatured",
                p.is_flash_sale AS "isFlashSale",
                p.video_url AS "videoUrl",
                p.image_url AS "imageUrl",
                p.images,
                p.seo_metadata AS "seoMetadata",
                p.sales_config AS "salesConfig",
                p.colors,
                p.capacities,
                p.promotions,
                p.badge,
                p.rating,
                p.review_count AS "reviewCount",
                p.favorite_count AS "favoriteCount",
                p.version,
                p.created_at AS "createdAt",
                p.updated_at AS "updatedAt",
                p.options,
                COALESCE(
                    jsonb_agg(
                        DISTINCT jsonb_build_object(
                            'id', pv.id::text,
                            'sku', pv.sku,
                            'colorName', pv.color_name,
                            'colorCode', pv.color_code,
                            'storage', pv.storage,
                            'ram', pv.ram,
                            'configuration', pv.configuration,
                            'specs', pv.specs,
                            'imageUrl', pv.image_url,
                            'images', pv.images,
                            'price', pv.price,
                            'salePrice', pv.sale_price,
                            'compareAtPrice', pv.compare_at_price,
                            'stockQuantity', pv.stock_quantity,
                            'isDefault', pv.is_default,
                            'status', pv.status,
                            'attributes', pv.attributes
                        )
                    ) FILTER (WHERE pv.id IS NOT NULL AND pv.deleted_at IS NULL),
                    '[]'::jsonb
                ) AS variants
            FROM products p
            LEFT JOIN categories c ON c.id = p.category_id
            LEFT JOIN categories sc ON sc.id = p.subcategory_id
            LEFT JOIN product_variants pv ON pv.product_id = p.id AND pv.deleted_at IS NULL
            
            WHERE p.deleted_at IS NULL
              AND (p.status NOT IN ('ARCHIVED', 'MERGED') OR CAST($1 AS TEXT) IN ('ARCHIVED', 'MERGED'))
              AND (
                $2 = ''
                OR p.name ILIKE $3
                OR COALESCE(p.sku, '') ILIKE $3
                OR COALESCE(p.brand, '') ILIKE $3
                OR COALESCE(p.category, '') ILIKE $3
                OR COALESCE(c.name, '') ILIKE $3
                OR COALESCE(sc.name, '') ILIKE $3
              )
              AND (CAST($1 AS TEXT) IS NULL OR p.status = CAST($1 AS TEXT))
              AND (CAST($4 AS UUID) IS NULL OR p.category_id = CAST($4 AS UUID) OR p.subcategory_id = CAST($4 AS UUID))
              AND (CAST($5 AS UUID) IS NULL OR p.brand_id = CAST($5 AS UUID))
            
            GROUP BY p.id, c.name, sc.name
            ORDER BY p.created_at DESC
            LIMIT $6 OFFSET $7
            ]
[parameters: (None, '', '%%', None, None, 20, 0)]
(Background on this error at: https://sqlalche.me/e/20/f405)
ERROR:    Exception in ASGI application
Traceback (most recent call last):
  File "C:\Users\Huynh Nhu\Downloads\Project\backend\.venv\Lib\site-packages\sqlalchemy\dialects\postgresql\asyncpg.py", line 526, in _prepare_and_execute
    prepared_stmt, attributes = await adapt_connection._prepare(
                                ^^^^^^^^^^^^^^^^^^^^^^^^^^^^^^^^
  File "C:\Users\Huynh Nhu\Downloads\Project\backend\.venv\Lib\site-packages\sqlalchemy\dialects\postgresql\asyncpg.py", line 773, in _prepare
    prepared_stmt = await self._connection.prepare(
                    ^^^^^^^^^^^^^^^^^^^^^^^^^^^^^^^
  File "C:\Users\Huynh Nhu\Downloads\Project\backend\.venv\Lib\site-packages\asyncpg\connection.py", line 638, in prepare
    return await self._prepare(
           ^^^^^^^^^^^^^^^^^^^^
  File "C:\Users\Huynh Nhu\Downloads\Project\backend\.venv\Lib\site-packages\asyncpg\connection.py", line 657, in _prepare
    stmt = await self._get_statement(
           ^^^^^^^^^^^^^^^^^^^^^^^^^^
  File "C:\Users\Huynh Nhu\Downloads\Project\backend\.venv\Lib\site-packages\asyncpg\connection.py", line 443, in _get_statement
    statement = await self._protocol.prepare(
                ^^^^^^^^^^^^^^^^^^^^^^^^^^^^^
  File "asyncpg/protocol/protocol.pyx", line 165, in prepare
asyncpg.exceptions.UndefinedColumnError: column pv.images does not exist
HINT:  Perhaps you meant to reference the column "p.images".

The above exception was the direct cause of the following exception:

Traceback (most recent call last):
  File "C:\Users\Huynh Nhu\Downloads\Project\backend\.venv\Lib\site-packages\sqlalchemy\engine\base.py", line 1969, in _exec_single_context
    self.dialect.do_execute(
  File "C:\Users\Huynh Nhu\Downloads\Project\backend\.venv\Lib\site-packages\sqlalchemy\engine\default.py", line 952, in do_execute
    cursor.execute(statement, parameters)
  File "C:\Users\Huynh Nhu\Downloads\Project\backend\.venv\Lib\site-packages\sqlalchemy\dialects\postgresql\asyncpg.py", line 585, in execute
    self._adapt_connection.await_(
  File "C:\Users\Huynh Nhu\Downloads\Project\backend\.venv\Lib\site-packages\sqlalchemy\util\_concurrency_py3k.py", line 132, in await_only
    return current.parent.switch(awaitable)  # type: ignore[no-any-return,attr-defined] # noqa: E501
           ^^^^^^^^^^^^^^^^^^^^^^^^^^^^^^^^
  File "C:\Users\Huynh Nhu\Downloads\Project\backend\.venv\Lib\site-packages\sqlalchemy\util\_concurrency_py3k.py", line 196, in greenlet_spawn
    value = await result
            ^^^^^^^^^^^^
  File "C:\Users\Huynh Nhu\Downloads\Project\backend\.venv\Lib\site-packages\sqlalchemy\dialects\postgresql\asyncpg.py", line 563, in _prepare_and_execute
    self._handle_exception(error)
  File "C:\Users\Huynh Nhu\Downloads\Project\backend\.venv\Lib\site-packages\sqlalchemy\dialects\postgresql\asyncpg.py", line 513, in _handle_exception
    self._adapt_connection._handle_exception(error)
  File "C:\Users\Huynh Nhu\Downloads\Project\backend\.venv\Lib\site-packages\sqlalchemy\dialects\postgresql\asyncpg.py", line 797, in _handle_exception
    raise translated_error from error
sqlalchemy.dialects.postgresql.asyncpg.AsyncAdapt_asyncpg_dbapi.ProgrammingError: <class 'asyncpg.exceptions.UndefinedColumnError'>: column pv.images does not exist
HINT:  Perhaps you meant to reference the column "p.images".

The above exception was the direct cause of the following exception:

Traceback (most recent call last):
  File "C:\Users\Huynh Nhu\Downloads\Project\backend\.venv\Lib\site-packages\uvicorn\protocols\http\httptools_impl.py", line 421, in run_asgi
    result = await app(  # type: ignore[func-returns-value]
             ^^^^^^^^^^^^^^^^^^^^^^^^^^^^^^^^^^^^^^^^^^^^^^
  File "C:\Users\Huynh Nhu\Downloads\Project\backend\.venv\Lib\site-packages\uvicorn\middleware\proxy_headers.py", line 63, in __call__
    return await self.app(scope, receive, send)
           ^^^^^^^^^^^^^^^^^^^^^^^^^^^^^^^^^^^^
  File "C:\Users\Huynh Nhu\Downloads\Project\backend\.venv\Lib\site-packages\fastapi\applications.py", line 1159, in __call__
    await super().__call__(scope, receive, send)
  File "C:\Users\Huynh Nhu\Downloads\Project\backend\.venv\Lib\site-packages\starlette\applications.py", line 90, in __call__
    await self.middleware_stack(scope, receive, send)
  File "C:\Users\Huynh Nhu\Downloads\Project\backend\.venv\Lib\site-packages\starlette\middleware\errors.py", line 186, in __call__
    raise exc
  File "C:\Users\Huynh Nhu\Downloads\Project\backend\.venv\Lib\site-packages\starlette\middleware\errors.py", line 164, in __call__
    await self.app(scope, receive, _send)
  File "C:\Users\Huynh Nhu\Downloads\Project\backend\.venv\Lib\site-packages\starlette\middleware\base.py", line 191, in __call__
    with recv_stream, send_stream, collapse_excgroups():
  File "C:\Users\Huynh Nhu\AppData\Local\Programs\Python\Python311\Lib\contextlib.py", line 158, in __exit__
    self.gen.throw(typ, value, traceback)
  File "C:\Users\Huynh Nhu\Downloads\Project\backend\.venv\Lib\site-packages\starlette\_utils.py", line 87, in collapse_excgroups
    raise exc
  File "C:\Users\Huynh Nhu\Downloads\Project\backend\.venv\Lib\site-packages\starlette\middleware\base.py", line 193, in __call__
    response = await self.dispatch_func(request, call_next)
               ^^^^^^^^^^^^^^^^^^^^^^^^^^^^^^^^^^^^^^^^^^^^
  File "C:\Users\Huynh Nhu\Downloads\Project\backend\app\main.py", line 106, in admin_audit_middleware
    response = await call_next(request)
               ^^^^^^^^^^^^^^^^^^^^^^^^
  File "C:\Users\Huynh Nhu\Downloads\Project\backend\.venv\Lib\site-packages\starlette\middleware\base.py", line 168, in call_next
    raise app_exc from app_exc.__cause__ or app_exc.__context__
  File "C:\Users\Huynh Nhu\Downloads\Project\backend\.venv\Lib\site-packages\starlette\middleware\base.py", line 144, in coro
    await self.app(scope, receive_or_disconnect, send_no_error)
  File "C:\Users\Huynh Nhu\Downloads\Project\backend\.venv\Lib\site-packages\starlette\middleware\cors.py", line 96, in __call__
    await self.simple_response(scope, receive, send, request_headers=headers)
  File "C:\Users\Huynh Nhu\Downloads\Project\backend\.venv\Lib\site-packages\starlette\middleware\cors.py", line 154, in simple_response
    await self.app(scope, receive, send)
  File "C:\Users\Huynh Nhu\Downloads\Project\backend\.venv\Lib\site-packages\starlette\middleware\exceptions.py", line 63, in __call__
    await wrap_app_handling_exceptions(self.app, conn)(scope, receive, send)
  File "C:\Users\Huynh Nhu\Downloads\Project\backend\.venv\Lib\site-packages\starlette\_exception_handler.py", line 53, in wrapped_app
    raise exc
  File "C:\Users\Huynh Nhu\Downloads\Project\backend\.venv\Lib\site-packages\starlette\_exception_handler.py", line 42, in wrapped_app
    await app(scope, receive, sender)
  File "C:\Users\Huynh Nhu\Downloads\Project\backend\.venv\Lib\site-packages\fastapi\middleware\asyncexitstack.py", line 18, in __call__
    await self.app(scope, receive, send)
  File "C:\Users\Huynh Nhu\Downloads\Project\backend\.venv\Lib\site-packages\starlette\routing.py", line 660, in __call__
    await self.middleware_stack(scope, receive, send)
  File "C:\Users\Huynh Nhu\Downloads\Project\backend\.venv\Lib\site-packages\starlette\routing.py", line 680, in app
    await route.handle(scope, receive, send)
  File "C:\Users\Huynh Nhu\Downloads\Project\backend\.venv\Lib\site-packages\starlette\routing.py", line 276, in handle
    await self.app(scope, receive, send)
  File "C:\Users\Huynh Nhu\Downloads\Project\backend\.venv\Lib\site-packages\fastapi\routing.py", line 134, in app
    await wrap_app_handling_exceptions(app, request)(scope, receive, send)
  File "C:\Users\Huynh Nhu\Downloads\Project\backend\.venv\Lib\site-packages\starlette\_exception_handler.py", line 53, in wrapped_app
    raise exc
  File "C:\Users\Huynh Nhu\Downloads\Project\backend\.venv\Lib\site-packages\starlette\_exception_handler.py", line 42, in wrapped_app
    await app(scope, receive, sender)
  File "C:\Users\Huynh Nhu\Downloads\Project\backend\.venv\Lib\site-packages\fastapi\routing.py", line 120, in app
    response = await f(request)
               ^^^^^^^^^^^^^^^^
  File "C:\Users\Huynh Nhu\Downloads\Project\backend\.venv\Lib\site-packages\fastapi\routing.py", line 674, in app
    raw_response = await run_endpoint_function(
                   ^^^^^^^^^^^^^^^^^^^^^^^^^^^^
  File "C:\Users\Huynh Nhu\Downloads\Project\backend\.venv\Lib\site-packages\fastapi\routing.py", line 328, in run_endpoint_function
    return await dependant.call(**values)
           ^^^^^^^^^^^^^^^^^^^^^^^^^^^^^^
  File "C:\Users\Huynh Nhu\Downloads\Project\backend\app\api\v1\routers\admin_products.py", line 230, in list_admin_products
    result = await session.execute(
             ^^^^^^^^^^^^^^^^^^^^^^
  File "C:\Users\Huynh Nhu\Downloads\Project\backend\.venv\Lib\site-packages\sqlalchemy\ext\asyncio\session.py", line 448, in execute
    result = await greenlet_spawn(
             ^^^^^^^^^^^^^^^^^^^^^
  File "C:\Users\Huynh Nhu\Downloads\Project\backend\.venv\Lib\site-packages\sqlalchemy\util\_concurrency_py3k.py", line 201, in greenlet_spawn
    result = context.throw(*sys.exc_info())
             ^^^^^^^^^^^^^^^^^^^^^^^^^^^^^^
  File "C:\Users\Huynh Nhu\Downloads\Project\backend\.venv\Lib\site-packages\sqlalchemy\orm\session.py", line 2372, in execute
    return self._execute_internal(
           ^^^^^^^^^^^^^^^^^^^^^^^
  File "C:\Users\Huynh Nhu\Downloads\Project\backend\.venv\Lib\site-packages\sqlalchemy\orm\session.py", line 2279, in _execute_internal
    result = conn.execute(
             ^^^^^^^^^^^^^
  File "C:\Users\Huynh Nhu\Downloads\Project\backend\.venv\Lib\site-packages\sqlalchemy\engine\base.py", line 1421, in execute
    return meth(
           ^^^^^
  File "C:\Users\Huynh Nhu\Downloads\Project\backend\.venv\Lib\site-packages\sqlalchemy\sql\elements.py", line 526, in _execute_on_connection
    return connection._execute_clauseelement(
           ^^^^^^^^^^^^^^^^^^^^^^^^^^^^^^^^^^
  File "C:\Users\Huynh Nhu\Downloads\Project\backend\.venv\Lib\site-packages\sqlalchemy\engine\base.py", line 1643, in _execute_clauseelement
    ret = self._execute_context(
          ^^^^^^^^^^^^^^^^^^^^^^
  File "C:\Users\Huynh Nhu\Downloads\Project\backend\.venv\Lib\site-packages\sqlalchemy\engine\base.py", line 1848, in _execute_context
    return self._exec_single_context(
           ^^^^^^^^^^^^^^^^^^^^^^^^^^
  File "C:\Users\Huynh Nhu\Downloads\Project\backend\.venv\Lib\site-packages\sqlalchemy\engine\base.py", line 1988, in _exec_single_context
    self._handle_dbapi_exception(
  File "C:\Users\Huynh Nhu\Downloads\Project\backend\.venv\Lib\site-packages\sqlalchemy\engine\base.py", line 2365, in _handle_dbapi_exception
    raise sqlalchemy_exception.with_traceback(exc_info[2]) from e
  File "C:\Users\Huynh Nhu\Downloads\Project\backend\.venv\Lib\site-packages\sqlalchemy\engine\base.py", line 1969, in _exec_single_context
    self.dialect.do_execute(
  File "C:\Users\Huynh Nhu\Downloads\Project\backend\.venv\Lib\site-packages\sqlalchemy\engine\default.py", line 952, in do_execute
    cursor.execute(statement, parameters)
  File "C:\Users\Huynh Nhu\Downloads\Project\backend\.venv\Lib\site-packages\sqlalchemy\dialects\postgresql\asyncpg.py", line 585, in execute
    self._adapt_connection.await_(
  File "C:\Users\Huynh Nhu\Downloads\Project\backend\.venv\Lib\site-packages\sqlalchemy\util\_concurrency_py3k.py", line 132, in await_only
    return current.parent.switch(awaitable)  # type: ignore[no-any-return,attr-defined] # noqa: E501
           ^^^^^^^^^^^^^^^^^^^^^^^^^^^^^^^^
  File "C:\Users\Huynh Nhu\Downloads\Project\backend\.venv\Lib\site-packages\sqlalchemy\util\_concurrency_py3k.py", line 196, in greenlet_spawn
    value = await result
            ^^^^^^^^^^^^
  File "C:\Users\Huynh Nhu\Downloads\Project\backend\.venv\Lib\site-packages\sqlalchemy\dialects\postgresql\asyncpg.py", line 563, in _prepare_and_execute
    self._handle_exception(error)
  File "C:\Users\Huynh Nhu\Downloads\Project\backend\.venv\Lib\site-packages\sqlalchemy\dialects\postgresql\asyncpg.py", line 513, in _handle_exception
    self._adapt_connection._handle_exception(error)
  File "C:\Users\Huynh Nhu\Downloads\Project\backend\.venv\Lib\site-packages\sqlalchemy\dialects\postgresql\asyncpg.py", line 797, in _handle_exception
    raise translated_error from error
sqlalchemy.exc.ProgrammingError: (sqlalchemy.dialects.postgresql.asyncpg.ProgrammingError) <class 'asyncpg.exceptions.UndefinedColumnError'>: column pv.images does not exist
HINT:  Perhaps you meant to reference the column "p.images".
[SQL: 
            SELECT
                p.id::text,
                p.sku,
                p.name,
                p.slug,
                p.category,
                p.brand,
                p.category_id::text AS "categoryId",
                p.subcategory_id::text AS "subcategoryId",
                p.brand_id::text AS "brandId",
                c.name AS "categoryName",
                sc.name AS "subcategoryName",
                p.description,
                p.specifications,
                p.price,
                p.sale_price AS "discountPrice",
                p.stock_quantity AS stock,
                p.stock_quantity AS "stockQuantity",
                CASE WHEN p.stock_quantity > 0 THEN 'IN_STOCK' ELSE 'OUT_OF_STOCK' END AS "stockState",
                CASE
                    WHEN p.status = 'ACTIVE' AND p.stock_quantity <= 0 THEN 'H\u1ebft hàng'
                    WHEN p.status = 'DRAFT' THEN 'Nháp'
                    WHEN p.status = 'PENDING' THEN 'Ch\u1edd duy\u1ec7t'
                    WHEN p.status = 'ACTIVE' THEN '\u0110ang bán'
                    ELSE p.status
                END AS "statusDisplay",
                p.status,
                p.is_featured AS "isFeatured",
                p.is_flash_sale AS "isFlashSale",
                p.video_url AS "videoUrl",
                p.image_url AS "imageUrl",
                p.images,
                p.seo_metadata AS "seoMetadata",
                p.sales_config AS "salesConfig",
                p.colors,
                p.capacities,
                p.promotions,
                p.badge,
                p.rating,
                p.review_count AS "reviewCount",
                p.favorite_count AS "favoriteCount",
                p.version,
                p.created_at AS "createdAt",
                p.updated_at AS "updatedAt",
                p.options,
                COALESCE(
                    jsonb_agg(
                        DISTINCT jsonb_build_object(
                            'id', pv.id::text,
                            'sku', pv.sku,
                            'colorName', pv.color_name,
                            'colorCode', pv.color_code,
                            'storage', pv.storage,
                            'ram', pv.ram,
                            'configuration', pv.configuration,
                            'specs', pv.specs,
                            'imageUrl', pv.image_url,
                            'images', pv.images,
                            'price', pv.price,
                            'salePrice', pv.sale_price,
                            'compareAtPrice', pv.compare_at_price,
                            'stockQuantity', pv.stock_quantity,
                            'isDefault', pv.is_default,
                            'status', pv.status,
                            'attributes', pv.attributes
                        )
                    ) FILTER (WHERE pv.id IS NOT NULL AND pv.deleted_at IS NULL),
                    '[]'::jsonb
                ) AS variants
            FROM products p
            LEFT JOIN categories c ON c.id = p.category_id
            LEFT JOIN categories sc ON sc.id = p.subcategory_id
            LEFT JOIN product_variants pv ON pv.product_id = p.id AND pv.deleted_at IS NULL
            
            WHERE p.deleted_at IS NULL
              AND (p.status NOT IN ('ARCHIVED', 'MERGED') OR CAST($1 AS TEXT) IN ('ARCHIVED', 'MERGED'))
              AND (
                $2 = ''
                OR p.name ILIKE $3
                OR COALESCE(p.sku, '') ILIKE $3
                OR COALESCE(p.brand, '') ILIKE $3
                OR COALESCE(p.category, '') ILIKE $3
                OR COALESCE(c.name, '') ILIKE $3
                OR COALESCE(sc.name, '') ILIKE $3
              )
              AND (CAST($1 AS TEXT) IS NULL OR p.status = CAST($1 AS TEXT))
              AND (CAST($4 AS UUID) IS NULL OR p.category_id = CAST($4 AS UUID) OR p.subcategory_id = CAST($4 AS UUID))
              AND (CAST($5 AS UUID) IS NULL OR p.brand_id = CAST($5 AS UUID))
            
            GROUP BY p.id, c.name, sc.name
            ORDER BY p.created_at DESC
            LIMIT $6 OFFSET $7
            ]
[parameters: (None, '', '%%', None, None, 20, 0)]
(Background on this error at: https://sqlalche.me/e/20/f405)
ERROR:    Exception in ASGI application
Traceback (most recent call last):
  File "C:\Users\Huynh Nhu\Downloads\Project\backend\.venv\Lib\site-packages\sqlalchemy\dialects\postgresql\asyncpg.py", line 526, in _prepare_and_execute
    prepared_stmt, attributes = await adapt_connection._prepare(
                                ^^^^^^^^^^^^^^^^^^^^^^^^^^^^^^^^
  File "C:\Users\Huynh Nhu\Downloads\Project\backend\.venv\Lib\site-packages\sqlalchemy\dialects\postgresql\asyncpg.py", line 773, in _prepare
    prepared_stmt = await self._connection.prepare(
                    ^^^^^^^^^^^^^^^^^^^^^^^^^^^^^^^
  File "C:\Users\Huynh Nhu\Downloads\Project\backend\.venv\Lib\site-packages\asyncpg\connection.py", line 638, in prepare
    return await self._prepare(
           ^^^^^^^^^^^^^^^^^^^^
  File "C:\Users\Huynh Nhu\Downloads\Project\backend\.venv\Lib\site-packages\asyncpg\connection.py", line 657, in _prepare
    stmt = await self._get_statement(
           ^^^^^^^^^^^^^^^^^^^^^^^^^^
  File "C:\Users\Huynh Nhu\Downloads\Project\backend\.venv\Lib\site-packages\asyncpg\connection.py", line 443, in _get_statement
    statement = await self._protocol.prepare(
                ^^^^^^^^^^^^^^^^^^^^^^^^^^^^^
  File "asyncpg/protocol/protocol.pyx", line 165, in prepare
asyncpg.exceptions.UndefinedColumnError: column pv.images does not exist
HINT:  Perhaps you meant to reference the column "p.images".

The above exception was the direct cause of the following exception:

Traceback (most recent call last):
  File "C:\Users\Huynh Nhu\Downloads\Project\backend\.venv\Lib\site-packages\sqlalchemy\engine\base.py", line 1969, in _exec_single_context
    self.dialect.do_execute(
  File "C:\Users\Huynh Nhu\Downloads\Project\backend\.venv\Lib\site-packages\sqlalchemy\engine\default.py", line 952, in do_execute
    cursor.execute(statement, parameters)
  File "C:\Users\Huynh Nhu\Downloads\Project\backend\.venv\Lib\site-packages\sqlalchemy\dialects\postgresql\asyncpg.py", line 585, in execute
    self._adapt_connection.await_(
  File "C:\Users\Huynh Nhu\Downloads\Project\backend\.venv\Lib\site-packages\sqlalchemy\util\_concurrency_py3k.py", line 132, in await_only
    return current.parent.switch(awaitable)  # type: ignore[no-any-return,attr-defined] # noqa: E501
           ^^^^^^^^^^^^^^^^^^^^^^^^^^^^^^^^
  File "C:\Users\Huynh Nhu\Downloads\Project\backend\.venv\Lib\site-packages\sqlalchemy\util\_concurrency_py3k.py", line 196, in greenlet_spawn
    value = await result
            ^^^^^^^^^^^^
  File "C:\Users\Huynh Nhu\Downloads\Project\backend\.venv\Lib\site-packages\sqlalchemy\dialects\postgresql\asyncpg.py", line 563, in _prepare_and_execute
    self._handle_exception(error)
  File "C:\Users\Huynh Nhu\Downloads\Project\backend\.venv\Lib\site-packages\sqlalchemy\dialects\postgresql\asyncpg.py", line 513, in _handle_exception
    self._adapt_connection._handle_exception(error)
  File "C:\Users\Huynh Nhu\Downloads\Project\backend\.venv\Lib\site-packages\sqlalchemy\dialects\postgresql\asyncpg.py", line 797, in _handle_exception
    raise translated_error from error
sqlalchemy.dialects.postgresql.asyncpg.AsyncAdapt_asyncpg_dbapi.ProgrammingError: <class 'asyncpg.exceptions.UndefinedColumnError'>: column pv.images does not exist
HINT:  Perhaps you meant to reference the column "p.images".

The above exception was the direct cause of the following exception:

Traceback (most recent call last):
  File "C:\Users\Huynh Nhu\Downloads\Project\backend\.venv\Lib\site-packages\uvicorn\protocols\http\httptools_impl.py", line 421, in run_asgi
    result = await app(  # type: ignore[func-returns-value]
             ^^^^^^^^^^^^^^^^^^^^^^^^^^^^^^^^^^^^^^^^^^^^^^
  File "C:\Users\Huynh Nhu\Downloads\Project\backend\.venv\Lib\site-packages\uvicorn\middleware\proxy_headers.py", line 63, in __call__
    return await self.app(scope, receive, send)
           ^^^^^^^^^^^^^^^^^^^^^^^^^^^^^^^^^^^^
  File "C:\Users\Huynh Nhu\Downloads\Project\backend\.venv\Lib\site-packages\fastapi\applications.py", line 1159, in __call__
    await super().__call__(scope, receive, send)
  File "C:\Users\Huynh Nhu\Downloads\Project\backend\.venv\Lib\site-packages\starlette\applications.py", line 90, in __call__
    await self.middleware_stack(scope, receive, send)
  File "C:\Users\Huynh Nhu\Downloads\Project\backend\.venv\Lib\site-packages\starlette\middleware\errors.py", line 186, in __call__
    raise exc
  File "C:\Users\Huynh Nhu\Downloads\Project\backend\.venv\Lib\site-packages\starlette\middleware\errors.py", line 164, in __call__
    await self.app(scope, receive, _send)
  File "C:\Users\Huynh Nhu\Downloads\Project\backend\.venv\Lib\site-packages\starlette\middleware\base.py", line 191, in __call__
    with recv_stream, send_stream, collapse_excgroups():
  File "C:\Users\Huynh Nhu\AppData\Local\Programs\Python\Python311\Lib\contextlib.py", line 158, in __exit__
    self.gen.throw(typ, value, traceback)
  File "C:\Users\Huynh Nhu\Downloads\Project\backend\.venv\Lib\site-packages\starlette\_utils.py", line 87, in collapse_excgroups
    raise exc
  File "C:\Users\Huynh Nhu\Downloads\Project\backend\.venv\Lib\site-packages\starlette\middleware\base.py", line 193, in __call__
    response = await self.dispatch_func(request, call_next)
               ^^^^^^^^^^^^^^^^^^^^^^^^^^^^^^^^^^^^^^^^^^^^
  File "C:\Users\Huynh Nhu\Downloads\Project\backend\app\main.py", line 106, in admin_audit_middleware
    response = await call_next(request)
               ^^^^^^^^^^^^^^^^^^^^^^^^
  File "C:\Users\Huynh Nhu\Downloads\Project\backend\.venv\Lib\site-packages\starlette\middleware\base.py", line 168, in call_next
    raise app_exc from app_exc.__cause__ or app_exc.__context__
  File "C:\Users\Huynh Nhu\Downloads\Project\backend\.venv\Lib\site-packages\starlette\middleware\base.py", line 144, in coro
    await self.app(scope, receive_or_disconnect, send_no_error)
  File "C:\Users\Huynh Nhu\Downloads\Project\backend\.venv\Lib\site-packages\starlette\middleware\cors.py", line 96, in __call__
    await self.simple_response(scope, receive, send, request_headers=headers)
  File "C:\Users\Huynh Nhu\Downloads\Project\backend\.venv\Lib\site-packages\starlette\middleware\cors.py", line 154, in simple_response
    await self.app(scope, receive, send)
  File "C:\Users\Huynh Nhu\Downloads\Project\backend\.venv\Lib\site-packages\starlette\middleware\exceptions.py", line 63, in __call__
    await wrap_app_handling_exceptions(self.app, conn)(scope, receive, send)
  File "C:\Users\Huynh Nhu\Downloads\Project\backend\.venv\Lib\site-packages\starlette\_exception_handler.py", line 53, in wrapped_app
    raise exc
  File "C:\Users\Huynh Nhu\Downloads\Project\backend\.venv\Lib\site-packages\starlette\_exception_handler.py", line 42, in wrapped_app
    await app(scope, receive, sender)
  File "C:\Users\Huynh Nhu\Downloads\Project\backend\.venv\Lib\site-packages\fastapi\middleware\asyncexitstack.py", line 18, in __call__
    await self.app(scope, receive, send)
  File "C:\Users\Huynh Nhu\Downloads\Project\backend\.venv\Lib\site-packages\starlette\routing.py", line 660, in __call__
    await self.middleware_stack(scope, receive, send)
  File "C:\Users\Huynh Nhu\Downloads\Project\backend\.venv\Lib\site-packages\starlette\routing.py", line 680, in app
    await route.handle(scope, receive, send)
  File "C:\Users\Huynh Nhu\Downloads\Project\backend\.venv\Lib\site-packages\starlette\routing.py", line 276, in handle
    await self.app(scope, receive, send)
  File "C:\Users\Huynh Nhu\Downloads\Project\backend\.venv\Lib\site-packages\fastapi\routing.py", line 134, in app
    await wrap_app_handling_exceptions(app, request)(scope, receive, send)
  File "C:\Users\Huynh Nhu\Downloads\Project\backend\.venv\Lib\site-packages\starlette\_exception_handler.py", line 53, in wrapped_app
    raise exc
  File "C:\Users\Huynh Nhu\Downloads\Project\backend\.venv\Lib\site-packages\starlette\_exception_handler.py", line 42, in wrapped_app
    await app(scope, receive, sender)
  File "C:\Users\Huynh Nhu\Downloads\Project\backend\.venv\Lib\site-packages\fastapi\routing.py", line 120, in app
    response = await f(request)
               ^^^^^^^^^^^^^^^^
  File "C:\Users\Huynh Nhu\Downloads\Project\backend\.venv\Lib\site-packages\fastapi\routing.py", line 674, in app
    raw_response = await run_endpoint_function(
                   ^^^^^^^^^^^^^^^^^^^^^^^^^^^^
  File "C:\Users\Huynh Nhu\Downloads\Project\backend\.venv\Lib\site-packages\fastapi\routing.py", line 328, in run_endpoint_function
    return await dependant.call(**values)
           ^^^^^^^^^^^^^^^^^^^^^^^^^^^^^^
  File "C:\Users\Huynh Nhu\Downloads\Project\backend\app\api\v1\routers\admin_products.py", line 230, in list_admin_products
    result = await session.execute(
             ^^^^^^^^^^^^^^^^^^^^^^
  File "C:\Users\Huynh Nhu\Downloads\Project\backend\.venv\Lib\site-packages\sqlalchemy\ext\asyncio\session.py", line 448, in execute
    result = await greenlet_spawn(
             ^^^^^^^^^^^^^^^^^^^^^
  File "C:\Users\Huynh Nhu\Downloads\Project\backend\.venv\Lib\site-packages\sqlalchemy\util\_concurrency_py3k.py", line 201, in greenlet_spawn
    result = context.throw(*sys.exc_info())
             ^^^^^^^^^^^^^^^^^^^^^^^^^^^^^^
  File "C:\Users\Huynh Nhu\Downloads\Project\backend\.venv\Lib\site-packages\sqlalchemy\orm\session.py", line 2372, in execute
    return self._execute_internal(
           ^^^^^^^^^^^^^^^^^^^^^^^
  File "C:\Users\Huynh Nhu\Downloads\Project\backend\.venv\Lib\site-packages\sqlalchemy\orm\session.py", line 2279, in _execute_internal
    result = conn.execute(
             ^^^^^^^^^^^^^
  File "C:\Users\Huynh Nhu\Downloads\Project\backend\.venv\Lib\site-packages\sqlalchemy\engine\base.py", line 1421, in execute
    return meth(
           ^^^^^
  File "C:\Users\Huynh Nhu\Downloads\Project\backend\.venv\Lib\site-packages\sqlalchemy\sql\elements.py", line 526, in _execute_on_connection
    return connection._execute_clauseelement(
           ^^^^^^^^^^^^^^^^^^^^^^^^^^^^^^^^^^
  File "C:\Users\Huynh Nhu\Downloads\Project\backend\.venv\Lib\site-packages\sqlalchemy\engine\base.py", line 1643, in _execute_clauseelement
    ret = self._execute_context(
          ^^^^^^^^^^^^^^^^^^^^^^
  File "C:\Users\Huynh Nhu\Downloads\Project\backend\.venv\Lib\site-packages\sqlalchemy\engine\base.py", line 1848, in _execute_context
    return self._exec_single_context(
           ^^^^^^^^^^^^^^^^^^^^^^^^^^
  File "C:\Users\Huynh Nhu\Downloads\Project\backend\.venv\Lib\site-packages\sqlalchemy\engine\base.py", line 1988, in _exec_single_context
    self._handle_dbapi_exception(
  File "C:\Users\Huynh Nhu\Downloads\Project\backend\.venv\Lib\site-packages\sqlalchemy\engine\base.py", line 2365, in _handle_dbapi_exception
    raise sqlalchemy_exception.with_traceback(exc_info[2]) from e
  File "C:\Users\Huynh Nhu\Downloads\Project\backend\.venv\Lib\site-packages\sqlalchemy\engine\base.py", line 1969, in _exec_single_context
    self.dialect.do_execute(
  File "C:\Users\Huynh Nhu\Downloads\Project\backend\.venv\Lib\site-packages\sqlalchemy\engine\default.py", line 952, in do_execute
    cursor.execute(statement, parameters)
  File "C:\Users\Huynh Nhu\Downloads\Project\backend\.venv\Lib\site-packages\sqlalchemy\dialects\postgresql\asyncpg.py", line 585, in execute
    self._adapt_connection.await_(
  File "C:\Users\Huynh Nhu\Downloads\Project\backend\.venv\Lib\site-packages\sqlalchemy\util\_concurrency_py3k.py", line 132, in await_only
    return current.parent.switch(awaitable)  # type: ignore[no-any-return,attr-defined] # noqa: E501
           ^^^^^^^^^^^^^^^^^^^^^^^^^^^^^^^^
  File "C:\Users\Huynh Nhu\Downloads\Project\backend\.venv\Lib\site-packages\sqlalchemy\util\_concurrency_py3k.py", line 196, in greenlet_spawn
    value = await result
            ^^^^^^^^^^^^
  File "C:\Users\Huynh Nhu\Downloads\Project\backend\.venv\Lib\site-packages\sqlalchemy\dialects\postgresql\asyncpg.py", line 563, in _prepare_and_execute
    self._handle_exception(error)
  File "C:\Users\Huynh Nhu\Downloads\Project\backend\.venv\Lib\site-packages\sqlalchemy\dialects\postgresql\asyncpg.py", line 513, in _handle_exception
    self._adapt_connection._handle_exception(error)
  File "C:\Users\Huynh Nhu\Downloads\Project\backend\.venv\Lib\site-packages\sqlalchemy\dialects\postgresql\asyncpg.py", line 797, in _handle_exception
    raise translated_error from error
sqlalchemy.exc.ProgrammingError: (sqlalchemy.dialects.postgresql.asyncpg.ProgrammingError) <class 'asyncpg.exceptions.UndefinedColumnError'>: column pv.images does not exist
HINT:  Perhaps you meant to reference the column "p.images".
[SQL: 
            SELECT
                p.id::text,
                p.sku,
                p.name,
                p.slug,
                p.category,
                p.brand,
                p.category_id::text AS "categoryId",
                p.subcategory_id::text AS "subcategoryId",
                p.brand_id::text AS "brandId",
                c.name AS "categoryName",
                sc.name AS "subcategoryName",
                p.description,
                p.specifications,
                p.price,
                p.sale_price AS "discountPrice",
                p.stock_quantity AS stock,
                p.stock_quantity AS "stockQuantity",
                CASE WHEN p.stock_quantity > 0 THEN 'IN_STOCK' ELSE 'OUT_OF_STOCK' END AS "stockState",
                CASE
                    WHEN p.status = 'ACTIVE' AND p.stock_quantity <= 0 THEN 'H\u1ebft hàng'
                    WHEN p.status = 'DRAFT' THEN 'Nháp'
                    WHEN p.status = 'PENDING' THEN 'Ch\u1edd duy\u1ec7t'
                    WHEN p.status = 'ACTIVE' THEN '\u0110ang bán'
                    ELSE p.status
                END AS "statusDisplay",
                p.status,
                p.is_featured AS "isFeatured",
                p.is_flash_sale AS "isFlashSale",
                p.video_url AS "videoUrl",
                p.image_url AS "imageUrl",
                p.images,
                p.seo_metadata AS "seoMetadata",
                p.sales_config AS "salesConfig",
                p.colors,
                p.capacities,
                p.promotions,
                p.badge,
                p.rating,
                p.review_count AS "reviewCount",
                p.favorite_count AS "favoriteCount",
                p.version,
                p.created_at AS "createdAt",
                p.updated_at AS "updatedAt",
                p.options,
                COALESCE(
                    jsonb_agg(
                        DISTINCT jsonb_build_object(
                            'id', pv.id::text,
                            'sku', pv.sku,
                            'colorName', pv.color_name,
                            'colorCode', pv.color_code,
                            'storage', pv.storage,
                            'ram', pv.ram,
                            'configuration', pv.configuration,
                            'specs', pv.specs,
                            'imageUrl', pv.image_url,
                            'images', pv.images,
                            'price', pv.price,
                            'salePrice', pv.sale_price,
                            'compareAtPrice', pv.compare_at_price,
                            'stockQuantity', pv.stock_quantity,
                            'isDefault', pv.is_default,
                            'status', pv.status,
                            'attributes', pv.attributes
                        )
                    ) FILTER (WHERE pv.id IS NOT NULL AND pv.deleted_at IS NULL),
                    '[]'::jsonb
                ) AS variants
            FROM products p
            LEFT JOIN categories c ON c.id = p.category_id
            LEFT JOIN categories sc ON sc.id = p.subcategory_id
            LEFT JOIN product_variants pv ON pv.product_id = p.id AND pv.deleted_at IS NULL
            
            WHERE p.deleted_at IS NULL
              AND (p.status NOT IN ('ARCHIVED', 'MERGED') OR CAST($1 AS TEXT) IN ('ARCHIVED', 'MERGED'))
              AND (
                $2 = ''
                OR p.name ILIKE $3
                OR COALESCE(p.sku, '') ILIKE $3
                OR COALESCE(p.brand, '') ILIKE $3
                OR COALESCE(p.category, '') ILIKE $3
                OR COALESCE(c.name, '') ILIKE $3
                OR COALESCE(sc.name, '') ILIKE $3
              )
              AND (CAST($1 AS TEXT) IS NULL OR p.status = CAST($1 AS TEXT))
              AND (CAST($4 AS UUID) IS NULL OR p.category_id = CAST($4 AS UUID) OR p.subcategory_id = CAST($4 AS UUID))
              AND (CAST($5 AS UUID) IS NULL OR p.brand_id = CAST($5 AS UUID))
            
            GROUP BY p.id, c.name, sc.name
            ORDER BY p.created_at DESC
            LIMIT $6 OFFSET $7
            ]
[parameters: (None, '', '%%', None, None, 20, 0)]
(Background on this error at: https://sqlalche.me/e/20/f405)
Exception in callback _ProactorBasePipeTransport._call_connection_lost(None)
handle: <Handle _ProactorBasePipeTransport._call_connection_lost(None)>
Traceback (most recent call last):
  File "C:\Users\Huynh Nhu\AppData\Local\Programs\Python\Python311\Lib\asyncio\events.py", line 84, in _run
    self._context.run(self._callback, *self._args)
  File "C:\Users\Huynh Nhu\AppData\Local\Programs\Python\Python311\Lib\asyncio\proactor_events.py", line 165, in _call_connection_lost
    self._sock.shutdown(socket.SHUT_RDWR)
ConnectionResetError: [WinError 10054] An existing connection was forcibly closed by the remote host
Exception in callback _ProactorBasePipeTransport._call_connection_lost(None)
handle: <Handle _ProactorBasePipeTransport._call_connection_lost(None)>
Traceback (most recent call last):
  File "C:\Users\Huynh Nhu\AppData\Local\Programs\Python\Python311\Lib\asyncio\events.py", line 84, in _run
    self._context.run(self._callback, *self._args)
  File "C:\Users\Huynh Nhu\AppData\Local\Programs\Python\Python311\Lib\asyncio\proactor_events.py", line 165, in _call_connection_lost
    self._sock.shutdown(socket.SHUT_RDWR)
ConnectionResetError: [WinError 10054] An existing connection was forcibly closed by the remote host
Exception in callback _ProactorBasePipeTransport._call_connection_lost(None)
handle: <Handle _ProactorBasePipeTransport._call_connection_lost(None)>
Traceback (most recent call last):
  File "C:\Users\Huynh Nhu\AppData\Local\Programs\Python\Python311\Lib\asyncio\events.py", line 84, in _run
    self._context.run(self._callback, *self._args)
  File "C:\Users\Huynh Nhu\AppData\Local\Programs\Python\Python311\Lib\asyncio\proactor_events.py", line 165, in _call_connection_lost
    self._sock.shutdown(socket.SHUT_RDWR)
ConnectionResetError: [WinError 10054] An existing connection was forcibly closed by the remote host
Exception in callback _ProactorBasePipeTransport._call_connection_lost(None)
handle: <Handle _ProactorBasePipeTransport._call_connection_lost(None)>
Traceback (most recent call last):
  File "C:\Users\Huynh Nhu\AppData\Local\Programs\Python\Python311\Lib\asyncio\events.py", line 84, in _run
    self._context.run(self._callback, *self._args)
  File "C:\Users\Huynh Nhu\AppData\Local\Programs\Python\Python311\Lib\asyncio\proactor_events.py", line 165, in _call_connection_lost
    self._sock.shutdown(socket.SHUT_RDWR)
ConnectionResetError: [WinError 10054] An existing connection was forcibly closed by the remote host
Exception in callback _ProactorBasePipeTransport._call_connection_lost(None)
handle: <Handle _ProactorBasePipeTransport._call_connection_lost(None)>
Traceback (most recent call last):
  File "C:\Users\Huynh Nhu\AppData\Local\Programs\Python\Python311\Lib\asyncio\events.py", line 84, in _run
    self._context.run(self._callback, *self._args)
  File "C:\Users\Huynh Nhu\AppData\Local\Programs\Python\Python311\Lib\asyncio\proactor_events.py", line 165, in _call_connection_lost
    self._sock.shutdown(socket.SHUT_RDWR)
ConnectionResetError: [WinError 10054] An existing connection was forcibly closed by the remote host
